Date,Max,Min
2020-01-01,40,28
2020-01-02,30,22
2020-01-03,46,29
2020-01-04,45,37
2020-01-05,37,27
2020-01-06,31,27
2020-01-07,37,21
2020-01-08,32,21
2020-01-09,31,14
2020-01-10,31,11
2020-01-11,50,31
2020-01-12,63,50
2020-01-13,60,28
2020-01-14,45,29
2020-01-15,44,28
2020-01-16,43,28
2020-01-17,37,10
2020-01-18,12,4
2020-01-19,35,10
2020-01-20,32,12
2020-01-21,18,9
2020-01-22,25,5
2020-01-23,36,5
2020-01-24,39,23
2020-01-25,48,32
2020-01-26,35,31
2020-01-27,36,31
2020-01-28,34,28
2020-01-29,30,23
2020-01-30,23,6
2020-01-31,29,6
2020-02-01,34,27
2020-02-02,32,23
2020-02-03,35,27
2020-02-04,47,25
2020-02-05,43,25
2020-02-06,31,24
2020-02-07,36,26
2020-02-08,26,15
2020-02-09,21,7
2020-02-10,34,19
2020-02-11,38,32
2020-02-12,33,26
2020-02-13,37,25
2020-02-14,32,8
2020-02-15,9,-11
2020-02-16,28,-10
2020-02-17,40,17
2020-02-18,35,18
2020-02-19,41,29
2020-02-20,31,15
2020-02-21,24,8
2020-02-22,32,6
2020-02-23,41,7
2020-02-24,49,23
2020-02-25,55,30
2020-02-26,38,32
2020-02-27,45,26
2020-02-28,27,20
2020-02-29,28,16
2020-03-01,21,14
2020-03-02,38,19
2020-03-03,59,36
2020-03-04,54,36
2020-03-05,43,32
2020-03-06,47,28
2020-03-07,46,22
2020-03-08,32,20
2020-03-09,58,25
2020-03-10,69,37
2020-03-11,59,29
2020-03-12,42,29
2020-03-13,53,38
2020-03-14,54,31
2020-03-15,38,30
2020-03-16,37,14
2020-03-17,49,14
2020-03-18,45,24
2020-03-19,50,24
2020-03-20,54,40
2020-03-21,68,27
2020-03-22,33,13
2020-03-23,42,13
2020-03-24,34,31
2020-03-25,36,31
2020-03-26,46,34
2020-03-27,62,36
2020-03-28,48,28
2020-03-29,44,34
2020-03-30,55,38
2020-03-31,48,38
2020-04-01,47,37
2020-04-02,45,25
2020-04-03,48,26
2020-04-04,41,34
2020-04-05,55,40
2020-04-06,57,28
2020-04-07,55,32
2020-04-08,61,35
2020-04-09,54,36
2020-04-10,48,31
2020-04-11,41,30
2020-04-12,46,26
2020-04-13,62,35
2020-04-14,66,36
2020-04-15,46,26
2020-04-16,42,22
2020-04-17,38,26
2020-04-18,41,30
2020-04-19,44,30
2020-04-20,60,30
2020-04-21,48,27
2020-04-22,48,26
2020-04-23,39,27
2020-04-24,43,30
2020-04-25,52,38
2020-04-26,61,38
2020-04-27,48,33
2020-04-28,43,26
2020-04-29,58,29
2020-04-30,63,46
2020-05-01,61,44
2020-05-02,58,36
2020-05-03,68,38
2020-05-04,75,39
2020-05-05,46,31
2020-05-06,50,27
2020-05-07,51,27
2020-05-08,58,29
2020-05-09,45,25
2020-05-10,37,28
2020-05-11,56,35
2020-05-12,53,32
2020-05-13,46,25
2020-05-14,53,28
2020-05-15,68,36
2020-05-16,81,52
2020-05-17,62,39
2020-05-18,71,43
2020-05-19,59,53
2020-05-20,70,40
2020-05-21,69,36
2020-05-22,75,48
2020-05-23,76,58
2020-05-24,78,53
2020-05-25,77,56
2020-05-26,81,60
2020-05-27,90,66
2020-05-28,83,65
2020-05-29,77,67
2020-05-30,83,54
2020-05-31,77,44
2020-06-01,57,38
2020-06-02,68,43
2020-06-03,65,52
2020-06-04,75,54
2020-06-05,84,59
2020-06-06,83,61
2020-06-07,79,50
2020-06-08,67,42
2020-06-09,73,47
2020-06-10,87,56
2020-06-11,88,70
2020-06-12,78,51
2020-06-13,72,40
2020-06-14,60,34
2020-06-15,65,36
2020-06-16,72,41
2020-06-17,78,46
2020-06-18,82,53
2020-06-19,85,60
2020-06-20,82,58
2020-06-21,85,63
2020-06-22,86,64
2020-06-23,88,66
2020-06-24,86,57
2020-06-25,77,50
2020-06-26,77,55
2020-06-27,80,54
2020-06-28,77,60
2020-06-29,79,55
2020-06-30,81,60
2020-07-01,74,61
2020-07-02,79,56
2020-07-03,88,59
2020-07-04,84,61
2020-07-05,86,54
2020-07-06,88,57
2020-07-07,90,63
2020-07-08,84,69
2020-07-09,87,63
2020-07-10,92,66
2020-07-11,87,68
2020-07-12,84,66
2020-07-13,82,59
2020-07-14,77,54
2020-07-15,79,55
2020-07-16,85,60
2020-07-17,73,68
2020-07-18,82,56
2020-07-19,89,59
2020-07-20,91,69
2020-07-21,85,57
2020-07-22,78,64
2020-07-23,85,67
2020-07-24,84,65
2020-07-25,83,62
2020-07-26,85,60
2020-07-27,87,62
2020-07-28,95,69
2020-07-29,84,57
2020-07-30,82,61
2020-07-31,79,53
2020-08-01,81,54
2020-08-02,85,53
2020-08-03,90,68
2020-08-04,83,67
2020-08-05,73,61
2020-08-06,77,51
2020-08-07,76,55
2020-08-08,77,59
2020-08-09,83,60
2020-08-10,88,60
2020-08-11,89,68
2020-08-12,91,61
2020-08-13,81,55
2020-08-14,85,55
2020-08-15,83,58
2020-08-16,82,62
2020-08-17,81,61
2020-08-18,80,55
2020-08-19,77,52
2020-08-20,72,44
2020-08-21,79,47
2020-08-22,86,56
2020-08-23,86,58
2020-08-24,89,60
2020-08-25,88,63
2020-08-26,80,55
2020-08-27,69,56
2020-08-28,86,62
2020-08-29,73,65
2020-08-30,84,60
2020-08-31,70,45
2020-09-01,73,46
2020-09-02,72,63
2020-09-03,77,57
2020-09-04,76,58
2020-09-05,74,45
2020-09-06,73,46
2020-09-07,73,52
2020-09-08,77,61
2020-09-09,85,57
2020-09-10,85,60
2020-09-11,81,55
2020-09-12,62,41
2020-09-13,70,42
2020-09-14,66,53
2020-09-15,62,33
2020-09-16,64,35
2020-09-17,72,48
2020-09-18,64,42
2020-09-19,59,27
2020-09-20,57,28
2020-09-21,61,29
2020-09-22,66,30
2020-09-23,65,33
2020-09-24,75,39
2020-09-25,78,44
2020-09-26,79,50
2020-09-27,79,55
2020-09-28,80,59
2020-09-29,81,62
2020-09-30,62,50
2020-10-01,64,50
2020-10-02,63,42
2020-10-03,59,40
2020-10-04,58,38
2020-10-05,54,41
2020-10-06,57,35
2020-10-07,65,40
2020-10-08,63,48
2020-10-09,54,38
2020-10-10,67,38
2020-10-11,79,47
2020-10-12,59,45
2020-10-13,57,46
2020-10-14,60,34
2020-10-15,63,35
2020-10-16,76,46
2020-10-17,48,28
2020-10-18,56,28
2020-10-19,57,42
2020-10-20,59,51
2020-10-21,57,47
2020-10-22,75,53
2020-10-23,63,48
2020-10-24,77,46
2020-10-25,47,31
2020-10-26,48,33
2020-10-27,53,40
2020-10-28,49,40
2020-10-29,53,36
2020-10-30,45,37
2020-10-31,40,32
2020-11-01,43,33
2020-11-02,48,28
2020-11-03,44,27
2020-11-04,42,29
2020-11-05,66,40
2020-11-06,70,45
2020-11-07,71,36
2020-11-08,72,34
2020-11-09,74,37
2020-11-10,76,40
2020-11-11,75,54
2020-11-12,63,41
2020-11-13,44,23
2020-11-14,50,32
2020-11-15,45,26
2020-11-16,50,39
2020-11-17,42,34
2020-11-18,38,20
2020-11-19,28,20
2020-11-20,50,27
2020-11-21,65,42
2020-11-22,44,24
2020-11-23,50,28
2020-11-24,40,34
2020-11-25,39,27
2020-11-26,49,38
2020-11-27,56,43
2020-11-28,48,40
2020-11-29,42,26
2020-11-30,53,27
2020-12-01,52,39
2020-12-02,39,28
2020-12-03,37,22
2020-12-04,46,28
2020-12-05,47,35
2020-12-06,37,25
2020-12-07,29,25
2020-12-08,28,24
2020-12-09,31,22
2020-12-10,37,27
2020-12-11,41,30
2020-12-12,52,33
2020-12-13,51,37
2020-12-14,47,31
2020-12-15,36,26
2020-12-16,26,14
2020-12-17,25,16
2020-12-18,23,18
2020-12-19,24,-0
2020-12-20,27,-0
2020-12-21,33,26
2020-12-22,37,28
2020-12-23,37,26
2020-12-24,42,25
2020-12-25,52,37
2020-12-26,37,18
2020-12-27,24,19
2020-12-28,34,24
2020-12-29,40,26
2020-12-30,30,16
2020-12-31,39,25
2021-01-01,33,25
2021-01-02,40,24
2021-01-03,42,27
2021-01-04,35,27
2021-01-05,33,30
2021-01-06,33,28
2021-01-07,31,26
2021-01-08,28,23
2021-01-09,23,14
2021-01-10,32,15
2021-01-11,33,19
2021-01-12,36,24
2021-01-13,32,28
2021-01-14,35,29
2021-01-15,39,31
2021-01-16,41,31
2021-01-17,35,31
2021-01-18,38,28
2021-01-19,31,26
2021-01-20,34,24
2021-01-21,25,16
2021-01-22,34,23
2021-01-23,34,18
2021-01-24,19,13
2021-01-25,20,2
2021-01-26,30,2
2021-01-27,32,24
2021-01-28,25,16
2021-01-29,18,6
2021-01-30,14,8
2021-01-31,22,-3
2021-02-01,25,6
2021-02-02,26,17
2021-02-03,27,20
2021-02-04,27,23
2021-02-05,38,17
2021-02-06,42,25
2021-02-07,31,2
2021-02-08,30,-8
2021-02-09,24,-6
2021-02-10,27,13
2021-02-11,24,14
2021-02-12,24,-4
2021-02-13,16,2
2021-02-14,24,4
2021-02-15,24,15
2021-02-16,34,20
2021-02-17,39,10
2021-02-18,23,10
2021-02-19,23,16
2021-02-20,30,20
2021-02-21,26,9
2021-02-22,32,8
2021-02-23,33,22
2021-02-24,38,25
2021-02-25,52,28
2021-02-26,35,14
2021-02-27,40,20
2021-02-28,49,24
2021-03-01,40,25
2021-03-02,38,11
2021-03-03,25,11
2021-03-04,41,18
2021-03-05,27,15
2021-03-06,29,16
2021-03-07,24,16
2021-03-08,28,4
2021-03-09,43,5
2021-03-10,48,24
2021-03-11,61,38
2021-03-12,68,34
2021-03-13,55,23
2021-03-14,41,24
2021-03-15,36,14
2021-03-16,26,14
2021-03-17,37,22
2021-03-18,52,32
2021-03-19,41,20
2021-03-20,33,17
2021-03-21,52,17
2021-03-22,62,24
2021-03-23,65,29
2021-03-24,65,29
2021-03-25,56,47
2021-03-26,73,51
2021-03-27,68,37
2021-03-28,56,36
2021-03-29,58,32
2021-03-30,44,26
2021-03-31,66,36
2021-04-01,55,29
2021-04-02,34,19
2021-04-03,33,15
2021-04-04,49,16
2021-04-05,54,26
2021-04-06,55,24
2021-04-07,59,27
2021-04-08,68,36
2021-04-09,74,50
2021-04-10,63,52
2021-04-11,75,53
2021-04-12,60,47
2021-04-13,47,38
2021-04-14,63,38
2021-04-15,66,41
2021-04-16,46,34
2021-04-17,40,32
2021-04-18,48,36
2021-04-19,56,37
2021-04-20,60,39
2021-04-21,45,33
2021-04-22,33,26
2021-04-23,39,23
2021-04-24,59,32
2021-04-25,65,40
2021-04-26,56,31
2021-04-27,47,30
2021-04-28,72,36
2021-04-29,78,48
2021-04-30,55,47
2021-05-01,54,33
2021-05-02,60,34
2021-05-03,68,44
2021-05-04,63,48
2021-05-05,76,52
2021-05-06,52,40
2021-05-07,54,30
2021-05-08,53,34
2021-05-09,51,32
2021-05-10,54,36
2021-05-11,55,31
2021-05-12,52,36
2021-05-13,61,32
2021-05-14,64,34
2021-05-15,69,38
2021-05-16,71,38
2021-05-17,70,44
2021-05-18,74,44
2021-05-19,77,45
2021-05-20,83,50
2021-05-21,88,57
2021-05-22,89,56
2021-05-23,82,57
2021-05-24,77,44
2021-05-25,74,47
2021-05-26,81,58
2021-05-27,84,53
2021-05-28,63,43
2021-05-29,50,41
2021-05-30,51,41
2021-05-31,52,45
2021-06-01,69,45
2021-06-02,74,47
2021-06-03,67,53
2021-06-04,71,60
2021-06-05,80,59
2021-06-06,87,56
2021-06-07,87,58
2021-06-08,87,65
2021-06-09,83,66
2021-06-10,80,54
2021-06-11,81,54
2021-06-12,76,60
2021-06-13,78,56
2021-06-14,82,59
2021-06-15,77,53
2021-06-16,66,44
2021-06-17,67,39
2021-06-18,73,45
2021-06-19,79,60
2021-06-20,81,56
2021-06-21,83,60
2021-06-22,86,54
2021-06-23,60,41
2021-06-24,72,50
2021-06-25,76,56
2021-06-26,80,60
2021-06-27,83,68
2021-06-28,89,71
2021-06-29,91,66
2021-06-30,93,67
2021-07-01,87,65
2021-07-02,74,59
2021-07-03,72,59
2021-07-04,69,52
2021-07-05,75,50
2021-07-06,85,53
2021-07-07,86,63
2021-07-08,85,63
2021-07-09,78,65
2021-07-10,80,62
2021-07-11,74,55
2021-07-12,71,58
2021-07-13,77,62
2021-07-14,86,65
2021-07-15,80,61
2021-07-16,86,65
2021-07-17,86,65
2021-07-18,76,61
2021-07-19,71,54
2021-07-20,80,59
2021-07-21,84,61
2021-07-22,70,50
2021-07-23,72,51
2021-07-24,76,49
2021-07-25,80,53
2021-07-26,84,56
2021-07-27,83,58
2021-07-28,86,59
2021-07-29,75,52
2021-07-30,76,57
2021-07-31,70,46
2021-08-01,71,48
2021-08-02,73,56
2021-08-03,71,45
2021-08-04,77,48
2021-08-05,79,51
2021-08-06,80,53
2021-08-07,85,57
2021-08-08,84,63
2021-08-09,85,63
2021-08-10,83,64
2021-08-11,85,71
2021-08-12,88,69
2021-08-13,87,68
2021-08-14,88,64
2021-08-15,77,49
2021-08-16,74,48
2021-08-17,76,51
2021-08-18,79,68
2021-08-19,75,68
2021-08-20,77,63
2021-08-21,79,64
2021-08-22,81,65
2021-08-23,83,67
2021-08-24,82,62
2021-08-25,84,62
2021-08-26,89,66
2021-08-27,85,66
2021-08-28,82,66
2021-08-29,79,68
2021-08-30,83,68
2021-08-31,83,58
2021-09-01,83,58
2021-09-02,66,45
2021-09-03,67,50
2021-09-04,67,46
2021-09-05,75,47
2021-09-06,70,54
2021-09-07,72,49
2021-09-08,76,51
2021-09-09,76,55
2021-09-10,76,53
2021-09-11,69,48
2021-09-12,75,50
2021-09-13,78,60
2021-09-14,75,58
2021-09-15,82,61
2021-09-16,75,55
2021-09-17,75,57
2021-09-18,76,64
2021-09-19,76,50
2021-09-20,69,45
2021-09-21,76,46
2021-09-22,73,58
2021-09-23,75,65
2021-09-24,69,48
2021-09-25,66,44
2021-09-26,72,44
2021-09-27,68,46
2021-09-28,76,54
2021-09-29,76,43
2021-09-30,62,44
2021-10-01,60,37
2021-10-02,63,38
2021-10-03,75,44
2021-10-04,64,56
2021-10-05,71,60
2021-10-06,64,58
2021-10-07,68,54
2021-10-08,74,51
2021-10-09,72,53
2021-10-10,64,57
2021-10-11,68,54
2021-10-12,71,55
2021-10-13,70,60
2021-10-14,72,51
2021-10-15,75,51
2021-10-16,79,61
2021-10-17,69,44
2021-10-18,56,44
2021-10-19,49,42
2021-10-20,65,42
2021-10-21,71,42
2021-10-22,71,49
2021-10-23,51,33
2021-10-24,50,38
2021-10-25,53,38
2021-10-26,70,51
2021-10-27,53,45
2021-10-28,53,32
2021-10-29,62,32
2021-10-30,56,44
2021-10-31,54,43
2021-11-01,53,41
2021-11-02,52,36
2021-11-03,45,32
2021-11-04,44,28
2021-11-05,45,23
2021-11-06,45,23
2021-11-07,50,23
2021-11-08,59,25
2021-11-09,65,31
2021-11-10,62,35
2021-11-11,53,29
2021-11-12,58,32
2021-11-13,55,38
2021-11-14,46,33
2021-11-15,42,33
2021-11-16,41,31
2021-11-17,44,25
2021-11-18,53,34
2021-11-19,57,32
2021-11-20,41,21
2021-11-21,41,25
2021-11-22,46,35
2021-11-23,37,27
2021-11-24,32,16
2021-11-25,43,16
2021-11-26,44,32
2021-11-27,34,27
2021-11-28,30,26
2021-11-29,33,26
2021-11-30,32,20
2021-12-01,36,29
2021-12-02,41,34
2021-12-03,52,32
2021-12-04,35,29
2021-12-05,45,26
2021-12-06,47,26
2021-12-07,50,29
2021-12-08,31,26
2021-12-09,32,15
2021-12-10,34,16
2021-12-11,43,34
2021-12-12,58,31
2021-12-13,43,31
2021-12-14,52,24
2021-12-15,44,25
2021-12-16,49,36
2021-12-17,62,33
2021-12-18,48,31
2021-12-19,38,25
2021-12-20,26,14
2021-12-21,33,16
2021-12-22,39,26
2021-12-23,33,23
2021-12-24,28,23
2021-12-25,38,28
2021-12-26,45,35
2021-12-27,37,25
2021-12-28,37,26
2021-12-29,42,29
2021-12-30,40,33
2021-12-31,40,36
2022-01-01,50,34
2022-01-02,52,29
2022-01-03,29,17
2022-01-04,18,8
2022-01-05,32,17
2022-01-06,39,24
2022-01-07,29,22
2022-01-08,25,13
2022-01-09,27,12
2022-01-10,38,17
2022-01-11,22,2
2022-01-12,20,2
2022-01-13,33,18
2022-01-14,42,29
2022-01-15,29,-4
2022-01-16,4,-5
2022-01-17,31,-5
2022-01-18,30,21
2022-01-19,29,5
2022-01-20,42,16
2022-01-21,16,2
2022-01-22,13,-20
2022-01-23,23,-20
2022-01-24,26,-7
2022-01-25,23,-5
2022-01-26,26,-1
2022-01-27,18,-9
2022-01-28,26,4
2022-01-29,25,-1
2022-01-30,10,-7
2022-01-31,21,-7
2022-02-01,28,-3
2022-02-02,34,14
2022-02-03,39,28
2022-02-04,32,15
2022-02-05,17,10
2022-02-06,15,-9
2022-02-07,27,6
2022-02-08,38,8
2022-02-09,33,8
2022-02-10,46,21
2022-02-11,41,24
2022-02-12,49,27
2022-02-13,40,15
2022-02-14,18,5
2022-02-15,14,-8
2022-02-16,26,-3
2022-02-17,46,25
2022-02-18,53,22
2022-02-19,26,12
2022-02-20,30,6
2022-02-21,36,9
2022-02-22,55,31
2022-02-23,56,44
2022-02-24,45,14
2022-02-25,27,14
2022-02-26,37,17
2022-02-27,26,16
2022-02-28,33,11
2022-03-01,29,11
2022-03-02,44,28
2022-03-03,41,20
2022-03-04,23,2
2022-03-05,32,7
2022-03-06,45,6
2022-03-07,70,33
2022-03-08,58,26
2022-03-09,35,23
2022-03-10,33,16
2022-03-11,45,16
2022-03-12,50,22
2022-03-13,23,13
2022-03-14,32,16
2022-03-15,49,27
2022-03-16,49,28
2022-03-17,64,33
2022-03-18,64,35
2022-03-19,73,35
2022-03-20,67,43
2022-03-21,44,26
2022-03-22,53,25
2022-03-23,43,25
2022-03-24,45,31
2022-03-25,57,37
2022-03-26,48,36
2022-03-27,45,29
2022-03-28,32,15
2022-03-29,20,13
2022-03-30,31,14
2022-03-31,48,15
2022-04-01,66,37
2022-04-02,41,29
2022-04-03,45,29
2022-04-04,40,32
2022-04-05,46,33
2022-04-06,63,37
2022-04-07,62,45
2022-04-08,49,39
2022-04-09,55,36
2022-04-10,47,34
2022-04-11,38,25
2022-04-12,62,28
2022-04-13,61,37
2022-04-14,74,51
2022-04-15,75,32
2022-04-16,64,38
2022-04-17,43,29
2022-04-18,43,22
2022-04-19,49,26
2022-04-20,38,32
2022-04-21,51,35
2022-04-22,54,40
2022-04-23,54,31
2022-04-24,63,38
2022-04-25,80,49
2022-04-26,72,50
2022-04-27,55,33
2022-04-28,38,31
2022-04-29,46,30
2022-04-30,54,24
2022-05-01,57,26
2022-05-02,69,32
2022-05-03,62,44
2022-05-04,66,47
2022-05-05,58,42
2022-05-06,59,42
2022-05-07,57,46
2022-05-08,60,27
2022-05-09,65,29
2022-05-10,73,34
2022-05-11,76,37
2022-05-12,79,39
2022-05-13,84,49
2022-05-14,80,59
2022-05-15,79,60
2022-05-16,79,55
2022-05-17,72,47
2022-05-18,60,40
2022-05-19,60,47
2022-05-20,66,48
2022-05-21,79,60
2022-05-22,90,58
2022-05-23,82,46
2022-05-24,60,39
2022-05-25,68,45
2022-05-26,72,56
2022-05-27,75,57
2022-05-28,72,58
2022-05-29,66,46
2022-05-30,76,49
2022-05-31,87,55
2022-06-01,87,60
2022-06-02,82,60
2022-06-03,74,51
2022-06-04,73,47
2022-06-05,67,39
2022-06-06,74,44
2022-06-07,78,59
2022-06-08,68,49
2022-06-09,71,55
2022-06-10,62,50
2022-06-11,72,46
2022-06-12,72,51
2022-06-13,74,54
2022-06-14,74,51
2022-06-15,76,49
2022-06-16,82,55
2022-06-17,80,66
2022-06-18,79,48
2022-06-19,63,46
2022-06-20,63,39
2022-06-21,74,45
2022-06-22,81,56
2022-06-23,85,61
2022-06-24,74,55
2022-06-25,82,52
2022-06-26,85,57
2022-06-27,88,60
2022-06-28,75,48
2022-06-29,74,48
2022-06-30,78,50
2022-07-01,85,56
2022-07-02,90,65
2022-07-03,80,53
2022-07-04,76,47
2022-07-05,81,52
2022-07-06,77,65
2022-07-07,75,53
2022-07-08,82,56
2022-07-09,82,56
2022-07-10,75,43
2022-07-11,79,48
2022-07-12,88,64
2022-07-13,88,55
2022-07-14,80,57
2022-07-15,77,45
2022-07-16,81,49
2022-07-17,84,62
2022-07-18,86,62
2022-07-19,77,62
2022-07-20,89,68
2022-07-21,92,73
2022-07-22,87,62
2022-07-23,88,59
2022-07-24,92,63
2022-07-25,92,68
2022-07-26,82,51
2022-07-27,77,54
2022-07-28,82,60
2022-07-29,85,57
2022-07-30,81,53
2022-07-31,77,52
2022-08-01,80,55
2022-08-02,86,63
2022-08-03,82,54
2022-08-04,89,61
2022-08-05,89,67
2022-08-06,86,66
2022-08-07,90,70
2022-08-08,89,71
2022-08-09,88,71
2022-08-10,73,57
2022-08-11,76,53
2022-08-12,78,48
2022-08-13,73,44
2022-08-14,76,46
2022-08-15,80,50
2022-08-16,80,54
2022-08-17,75,52
2022-08-18,78,51
2022-08-19,78,52
2022-08-20,84,52
2022-08-21,86,59
2022-08-22,82,65
2022-08-23,76,60
2022-08-24,74,56
2022-08-25,80,55
2022-08-26,83,57
2022-08-27,82,61
2022-08-28,76,50
2022-08-29,85,55
2022-08-30,89,69
2022-08-31,81,58
2022-09-01,76,58
2022-09-02,69,45
2022-09-03,78,49
2022-09-04,80,61
2022-09-05,78,62
2022-09-06,68,63
2022-09-07,68,62
2022-09-08,69,61
2022-09-09,75,54
2022-09-10,80,53
2022-09-11,79,54
2022-09-12,67,62
2022-09-13,75,59
2022-09-14,71,48
2022-09-15,75,45
2022-09-16,63,40
2022-09-17,68,41
2022-09-18,79,54
2022-09-19,80,61
2022-09-20,70,57
2022-09-21,68,51
2022-09-22,78,52
2022-09-23,64,44
2022-09-24,49,34
2022-09-25,64,36
2022-09-26,65,51
2022-09-27,64,47
2022-09-28,59,50
2022-09-29,57,48
2022-09-30,57,33
2022-10-01,57,34
2022-10-02,67,41
2022-10-03,59,37
2022-10-04,54,38
2022-10-05,55,38
2022-10-06,66,39
2022-10-07,73,41
2022-10-08,58,41
2022-10-09,51,38
2022-10-10,59,39
2022-10-11,59,33
2022-10-12,71,35
2022-10-13,65,50
2022-10-14,61,38
2022-10-15,61,39
2022-10-16,67,32
2022-10-17,62,33
2022-10-18,56,32
2022-10-19,50,30
2022-10-20,45,35
2022-10-21,46,31
2022-10-22,60,32
2022-10-23,69,35
2022-10-24,67,34
2022-10-25,68,50
2022-10-26,69,50
2022-10-27,70,45
2022-10-28,48,25
2022-10-29,58,26
2022-10-30,62,27
2022-10-31,63,28
2022-11-01,60,45
2022-11-02,64,39
2022-11-03,62,33
2022-11-04,68,39
2022-11-05,71,50
2022-11-06,70,60
2022-11-07,75,48
2022-11-08,63,39
2022-11-09,48,22
2022-11-10,55,24
2022-11-11,66,42
2022-11-12,66,51
2022-11-13,53,39
2022-11-14,40,30
2022-11-15,35,31
2022-11-16,35,30
2022-11-17,41,31
2022-11-18,36,28
2022-11-19,37,19
2022-11-20,32,20
2022-11-21,27,20
2022-11-22,39,21
2022-11-23,47,25
2022-11-24,45,23
2022-11-25,54,26
2022-11-26,45,32
2022-11-27,55,30
2022-11-28,49,37
2022-11-29,37,32
2022-11-30,42,32
2022-12-01,49,28
2022-12-02,35,19
2022-12-03,42,22
2022-12-04,49,30
2022-12-05,37,25
2022-12-06,42,25
2022-12-07,49,37
2022-12-08,50,38
2022-12-09,40,30
2022-12-10,33,17
2022-12-11,40,21
2022-12-12,33,27
2022-12-13,27,8
2022-12-14,31,8
2022-12-15,28,15
2022-12-16,35,28
2022-12-17,36,27
2022-12-18,33,22
2022-12-19,31,25
2022-12-20,30,25
2022-12-21,28,15
2022-12-22,41,20
2022-12-23,45,29
2022-12-24,42,-1
2022-12-25,14,-0
2022-12-26,22,7
2022-12-27,21,6
2022-12-28,28,20
2022-12-29,42,28
2022-12-30,55,34
2022-12-31,60,45
2023-01-01,51,38
2023-01-02,44,38
2023-01-03,48,29
2023-01-04,51,39
2023-01-05,57,34
2023-01-06,50,31
2023-01-07,36,32
2023-01-08,34,26
2023-01-09,35,24
2023-01-10,39,27
2023-01-11,32,24
2023-01-12,39,25
2023-01-13,45,30
2023-01-14,31,19
2023-01-15,21,17
2023-01-16,24,18
2023-01-17,33,17
2023-01-18,41,29
2023-01-19,40,33
2023-01-20,41,33
2023-01-21,38,28
2023-01-22,30,28
2023-01-23,35,29
2023-01-24,30,27
2023-01-25,32,20
2023-01-26,38,26
2023-01-27,36,23
2023-01-28,37,26
2023-01-29,42,22
2023-01-30,44,27
2023-01-31,29,20
2023-02-01,23,9
2023-02-02,25,6
2023-02-03,35,6
2023-02-04,8,-12
2023-02-05,25,-12
2023-02-06,43,24
2023-02-07,34,21
2023-02-08,42,22
2023-02-09,45,24
2023-02-10,52,34
2023-02-11,44,26
2023-02-12,33,22
2023-02-13,51,18
2023-02-14,52,19
2023-02-15,51,25
2023-02-16,68,31
2023-02-17,56,31
2023-02-18,55,18
2023-02-19,43,15
2023-02-20,48,31
2023-02-21,48,26
2023-02-22,45,21
2023-02-23,35,25
2023-02-24,36,24
2023-02-25,24,13
2023-02-26,28,15
2023-02-27,43,21
2023-02-28,40,21
2023-03-01,36,23
2023-03-02,44,26
2023-03-03,39,25
2023-03-04,41,28
2023-03-05,37,29
2023-03-06,39,30
2023-03-07,41,26
2023-03-08,32,25
2023-03-09,29,21
2023-03-10,31,19
2023-03-11,38,21
2023-03-12,27,17
2023-03-13,37,18
2023-03-14,37,26
2023-03-15,27,23
2023-03-16,35,14
2023-03-17,54,22
2023-03-18,46,32
2023-03-19,39,20
2023-03-20,31,16
2023-03-21,49,18
2023-03-22,57,25
2023-03-23,60,30
2023-03-24,57,31
2023-03-25,44,26
2023-03-26,44,34
2023-03-27,53,25
2023-03-28,49,27
2023-03-29,44,24
2023-03-30,52,21
2023-03-31,36,22
2023-04-01,52,32
2023-04-02,69,24
2023-04-03,36,23
2023-04-04,62,32
2023-04-05,64,37
2023-04-06,71,49
2023-04-07,61,30
2023-04-08,42,22
2023-04-09,46,22
2023-04-10,51,23
2023-04-11,64,28
2023-04-12,70,33
2023-04-13,77,46
2023-04-14,84,46
2023-04-15,83,48
2023-04-16,80,52
2023-04-17,77,44
2023-04-18,54,38
2023-04-19,43,34
2023-04-20,48,35
2023-04-21,63,38
2023-04-22,84,48
2023-04-23,71,44
2023-04-24,54,30
2023-04-25,50,28
2023-04-26,51,29
2023-04-27,53,32
2023-04-28,59,35
2023-04-29,58,42
2023-04-30,53,42
2023-05-01,55,42
2023-05-02,53,37
2023-05-03,49,37
2023-05-04,49,38
2023-05-05,52,37
2023-05-06,59,33
2023-05-07,64,36
2023-05-08,72,40
2023-05-09,64,35
2023-05-10,59,33
2023-05-11,66,38
2023-05-12,75,45
2023-05-13,80,47
2023-05-14,70,35
2023-05-15,55,32
2023-05-16,70,36
2023-05-17,74,38
2023-05-18,47,25
2023-05-19,65,29
2023-05-20,70,51
2023-05-21,67,45
2023-05-22,69,41
2023-05-23,67,40
2023-05-24,77,45
2023-05-25,70,31
2023-05-26,57,30
2023-05-27,67,33
2023-05-28,75,40
2023-05-29,81,41
2023-05-30,84,49
2023-05-31,82,55
2023-06-01,86,51
2023-06-02,86,50
2023-06-03,88,55
2023-06-04,73,39
2023-06-05,67,40
2023-06-06,70,45
2023-06-07,63,41
2023-06-08,61,41
2023-06-09,57,44
2023-06-10,63,45
2023-06-11,75,47
2023-06-12,81,52
2023-06-13,73,52
2023-06-14,71,53
2023-06-15,66,54
2023-06-16,74,56
2023-06-17,60,56
2023-06-18,71,50
2023-06-19,73,47
2023-06-20,79,54
2023-06-21,79,55
2023-06-22,77,47
2023-06-23,77,55
2023-06-24,75,65
2023-06-25,79,64
2023-06-26,83,65
2023-06-27,80,61
2023-06-28,80,61
2023-06-29,62,55
2023-06-30,77,54
2023-07-01,83,67
2023-07-02,81,68
2023-07-03,79,65
2023-07-04,78,66
2023-07-05,82,60
2023-07-06,87,63
2023-07-07,90,66
2023-07-08,82,59
2023-07-09,83,61
2023-07-10,76,63
2023-07-11,76,55
2023-07-12,85,60
2023-07-13,80,65
2023-07-14,84,60
2023-07-15,81,59
2023-07-16,85,65
2023-07-17,81,61
2023-07-18,83,63
2023-07-19,80,58
2023-07-20,79,52
2023-07-21,82,60
2023-07-22,74,54
2023-07-23,79,53
2023-07-24,82,55
2023-07-25,80,57
2023-07-26,78,57
2023-07-27,85,65
2023-07-28,82,65
2023-07-29,88,67
2023-07-30,81,54
2023-07-31,72,51
2023-08-01,73,49
2023-08-02,72,45
2023-08-03,77,49
2023-08-04,80,61
2023-08-05,82,58
2023-08-06,76,47
2023-08-07,80,51
2023-08-08,81,64
2023-08-09,67,56
2023-08-10,79,59
2023-08-11,71,56
2023-08-12,75,54
2023-08-13,78,62
2023-08-14,78,59
2023-08-15,76,62
2023-08-16,70,59
2023-08-17,77,59
2023-08-18,80,57
2023-08-19,70,55
2023-08-20,74,49
2023-08-21,82,51
2023-08-22,76,49
2023-08-23,74,51
2023-08-24,74,55
2023-08-25,68,60
2023-08-26,77,64
2023-08-27,77,58
2023-08-28,70,47
2023-08-29,70,50
2023-08-30,75,56
2023-08-31,71,48
2023-09-01,69,44
2023-09-02,75,46
2023-09-03,79,55
2023-09-04,87,59
2023-09-05,86,61
2023-09-06,86,62
2023-09-07,88,63
2023-09-08,87,64
2023-09-09,80,62
2023-09-10,69,62
2023-09-11,73,62
2023-09-12,70,56
2023-09-13,79,56
2023-09-14,71,45
2023-09-15,65,39
2023-09-16,68,39
2023-09-17,69,43
2023-09-18,64,44
2023-09-19,70,49
2023-09-20,67,41
2023-09-21,67,37
2023-09-22,68,38
2023-09-23,69,41
2023-09-24,55,45
2023-09-25,62,51
2023-09-26,60,45
2023-09-27,64,34
2023-09-28,67,37
2023-09-29,67,40
2023-09-30,68,48
2023-10-01,72,43
2023-10-02,75,45
2023-10-03,77,48
2023-10-04,80,50
2023-10-05,82,53
2023-10-06,79,60
2023-10-07,69,55
2023-10-08,57,40
2023-10-09,57,43
2023-10-10,53,43
2023-10-11,55,43
2023-10-12,55,39
2023-10-13,61,33
2023-10-14,55,36
2023-10-15,48,42
2023-10-16,51,44
2023-10-17,54,46
2023-10-18,57,43
2023-10-19,56,37
2023-10-20,59,41
2023-10-21,62,50
2023-10-22,54,41
2023-10-23,44,39
2023-10-24,52,33
2023-10-25,65,43
2023-10-26,71,52
2023-10-27,75,53
2023-10-28,77,53
2023-10-29,67,38
2023-10-30,48,42
2023-10-31,45,32
2023-11-01,43,29
2023-11-02,38,27
2023-11-03,45,27
2023-11-04,58,38
2023-11-05,57,43
2023-11-06,47,27
2023-11-07,53,31
2023-11-08,60,30
2023-11-09,48,30
2023-11-10,56,32
2023-11-11,50,35
2023-11-12,39,33
2023-11-13,38,20
2023-11-14,45,28
2023-11-15,41,23
2023-11-16,53,29
2023-11-17,62,29
2023-11-18,59,33
2023-11-19,41,26
2023-11-20,47,21
2023-11-21,35,21
2023-11-22,43,28
2023-11-23,46,36
2023-11-24,45,31
2023-11-25,35,25
2023-11-26,40,26
2023-11-27,43,28
2023-11-28,36,23
2023-11-29,30,19
2023-11-30,32,23
2023-12-01,46,24
2023-12-02,45,39
2023-12-03,51,39
2023-12-04,43,32
2023-12-05,43,32
2023-12-06,34,28
2023-12-07,32,24
2023-12-08,35,26
2023-12-09,48,33
2023-12-10,53,44
2023-12-11,50,31
2023-12-12,34,26
2023-12-13,41,27
2023-12-14,36,25
2023-12-15,40,25
2023-12-16,55,25
2023-12-17,46,29
2023-12-18,49,42
2023-12-19,42,26
2023-12-20,26,16
2023-12-21,36,16
2023-12-22,30,14
2023-12-23,37,15
2023-12-24,39,34
2023-12-25,42,36
2023-12-26,51,39
2023-12-27,47,42
2023-12-28,50,41
2023-12-29,49,41
2023-12-30,43,32
2023-12-31,35,31