sub_ID,event_date,behav_comptype_h
98000013,2021-01-04,Efficacy
98000002,2021-01-04,Efficacy
98000008,2021-01-04,Efficacy
98000010,2021-01-04,Presence
98000007,2021-01-04,Presence
98000005,2021-01-04,Efficacy
98000001,2021-01-04,Presence
98000011,2021-01-04,Efficacy
98000012,2021-01-04,Efficacy
98000006,2021-01-04,Efficacy
98000003,2021-01-04,Presence
98000003,2021-01-05,Presence
98000012,2021-01-05,Presence
98000013,2021-01-05,Presence
98000002,2021-01-05,Presence
98000005,2021-01-05,Efficacy
98000006,2021-01-05,Efficacy
98000011,2021-01-05,Efficacy
98000001,2021-01-05,Efficacy
98000008,2021-01-05,Efficacy
98000009,2021-01-05,Presence
98000005,2021-01-06,Absence
98000002,2021-01-06,Presence
98000013,2021-01-06,Slip
98000011,2021-01-06,Presence
98000012,2021-01-06,Efficacy
98000003,2021-01-06,Efficacy
98000010,2021-01-06,Presence
98000008,2021-01-06,Efficacy
98000006,2021-01-06,Presence
98000007,2021-01-06,Presence
98000001,2021-01-06,Efficacy
98000005,2021-01-07,Efficacy
98000002,2021-01-07,Presence
98000012,2021-01-07,Efficacy
98000007,2021-01-07,Presence
98000011,2021-01-07,Presence
98000001,2021-01-07,Presence
98000004,2021-01-07,Presence
98000010,2021-01-07,Efficacy
98000005,2021-01-08,Efficacy
98000008,2021-01-08,Efficacy
98000010,2021-01-08,Efficacy
98000011,2021-01-08,Feat
98000009,2021-01-08,Presence
98000001,2021-01-08,Presence
98000002,2021-01-08,Efficacy
98000001,2021-01-11,Presence
98000011,2021-01-11,Presence
98000012,2021-01-11,Presence
98000006,2021-01-11,Presence
98000013,2021-01-11,Presence
98000009,2021-01-11,Efficacy
98000005,2021-01-11,Efficacy
98000002,2021-01-12,Presence
98000009,2021-01-12,Presence
98000008,2021-01-12,Efficacy
98000001,2021-01-12,Presence
98000005,2021-01-12,Presence
98000004,2021-01-12,Efficacy
98000007,2021-01-12,Presence
98000006,2021-01-12,Efficacy
98000003,2021-01-12,Efficacy
98000007,2021-01-13,Presence
98000005,2021-01-13,Presence
98000010,2021-01-13,Efficacy
98000001,2021-01-13,Presence
98000002,2021-01-13,Efficacy
98000006,2021-01-13,Presence
98000008,2021-01-13,Efficacy
98000009,2021-01-13,Presence
98000011,2021-01-13,Efficacy
98000008,2021-01-14,Idea
98000013,2021-01-14,Efficacy
98000007,2021-01-14,Efficacy
98000010,2021-01-14,Efficacy
98000001,2021-01-14,Efficacy
98000012,2021-01-14,Efficacy
98000005,2021-01-14,Efficacy
98000002,2021-01-14,Presence
98000001,2021-01-15,Presence
98000005,2021-01-15,Efficacy
98000008,2021-01-15,Efficacy
98000009,2021-01-15,Presence
98000007,2021-01-15,Presence
98000013,2021-01-15,Presence
98000011,2021-01-15,Presence
98000004,2021-01-15,Efficacy
98000012,2021-01-15,Presence
98000013,2021-01-18,Efficacy
98000002,2021-01-18,Presence
98000007,2021-01-18,Presence
98000008,2021-01-18,Efficacy
98000004,2021-01-18,Efficacy
98000009,2021-01-18,Presence
98000010,2021-01-18,Presence
98000005,2021-01-18,Absence
98000004,2021-01-19,Presence
98000012,2021-01-19,Efficacy
98000002,2021-01-19,Presence
98000001,2021-01-19,Presence
98000007,2021-01-19,Efficacy
98000009,2021-01-19,Presence
98000010,2021-01-19,Efficacy
98000013,2021-01-19,Presence
98000011,2021-01-19,Presence
98000005,2021-01-19,Presence
98000008,2021-01-19,Presence
98000003,2021-01-19,Efficacy
98000006,2021-01-19,Presence
98000004,2021-01-20,Efficacy
98000009,2021-01-20,Efficacy
98000002,2021-01-20,Presence
98000013,2021-01-20,Efficacy
98000008,2021-01-20,Presence
98000010,2021-01-20,Efficacy
98000006,2021-01-20,Efficacy
98000013,2021-01-21,Efficacy
98000007,2021-01-21,Presence
98000001,2021-01-21,Presence
98000012,2021-01-21,Presence
98000002,2021-01-21,Efficacy
98000005,2021-01-21,Presence
98000006,2021-01-21,Presence
98000010,2021-01-21,Efficacy
98000001,2021-01-22,Efficacy
98000006,2021-01-22,Efficacy
98000002,2021-01-22,Efficacy
98000005,2021-01-22,Presence
98000012,2021-01-22,Presence
98000008,2021-01-22,Presence
98000003,2021-01-22,Efficacy
98000009,2021-01-22,Presence
98000004,2021-01-22,Presence
98000007,2021-01-22,Presence
98000006,2021-01-25,Efficacy
98000002,2021-01-25,Efficacy
98000007,2021-01-25,Efficacy
98000013,2021-01-25,Presence
98000003,2021-01-25,Presence
98000005,2021-01-25,Presence
98000008,2021-01-25,Presence
98000009,2021-01-25,Efficacy
98000010,2021-01-25,Presence
98000004,2021-01-25,Efficacy
98000011,2021-01-25,Presence
98000013,2021-01-26,Efficacy
98000003,2021-01-26,Presence
98000011,2021-01-26,Presence
98000009,2021-01-26,Efficacy
98000004,2021-01-26,Efficacy
98000012,2021-01-26,Presence
98000005,2021-01-26,Absence
98000002,2021-01-26,Presence
98000010,2021-01-26,Presence
98000013,2021-01-27,Efficacy
98000008,2021-01-27,Presence
98000010,2021-01-27,Efficacy
98000012,2021-01-27,Efficacy
98000005,2021-01-27,Presence
98000006,2021-01-27,Efficacy
98000008,2021-01-28,Presence
98000011,2021-01-28,Efficacy
98000002,2021-01-28,Efficacy
98000003,2021-01-28,Presence
98000007,2021-01-28,Efficacy
98000004,2021-01-28,Presence
98000009,2021-01-28,Presence
98000013,2021-01-28,Presence
98000012,2021-01-28,Presence
98000004,2021-01-29,Absence
98000009,2021-01-29,Efficacy
98000002,2021-01-29,Efficacy
98000001,2021-01-29,Efficacy
98000011,2021-01-29,Presence
98000013,2021-01-29,Efficacy
98000005,2021-01-29,Presence
98000010,2021-01-29,Presence
98000008,2021-01-29,Presence
98000006,2021-01-29,Presence
98000006,2021-02-01,Efficacy
98000010,2021-02-01,Presence
98000001,2021-02-01,Efficacy
98000005,2021-02-01,Efficacy
98000013,2021-02-01,Efficacy
98000004,2021-02-01,Presence
98000009,2021-02-01,Presence
98000007,2021-02-01,Sacrifice
98000002,2021-02-01,Efficacy
98000011,2021-02-01,Efficacy
98000001,2021-02-02,Presence
98000005,2021-02-02,Presence
98000007,2021-02-02,Efficacy
98000008,2021-02-02,Presence
98000003,2021-02-02,Presence
98000011,2021-02-02,Efficacy
98000013,2021-02-02,Presence
98000004,2021-02-02,Efficacy
98000010,2021-02-02,Efficacy
98000012,2021-02-02,Presence
98000009,2021-02-02,Efficacy
98000002,2021-02-02,Presence
98000003,2021-02-03,Efficacy
98000011,2021-02-03,Efficacy
98000001,2021-02-03,Presence
98000007,2021-02-03,Presence
98000008,2021-02-03,Efficacy
98000002,2021-02-03,Presence
98000004,2021-02-03,Efficacy
98000010,2021-02-03,Presence
98000007,2021-02-04,Presence
98000001,2021-02-04,Efficacy
98000004,2021-02-04,Efficacy
98000005,2021-02-04,Efficacy
98000012,2021-02-04,Absence
98000006,2021-02-04,Presence
98000002,2021-02-04,Efficacy
98000013,2021-02-04,Efficacy
98000008,2021-02-04,Presence
98000002,2021-02-05,Presence
98000004,2021-02-05,Efficacy
98000003,2021-02-05,Presence
98000001,2021-02-05,Presence
98000011,2021-02-05,Efficacy
98000012,2021-02-05,Absence
98000008,2021-02-05,Efficacy
98000006,2021-02-05,Presence
98000007,2021-02-05,Presence
98000010,2021-02-05,Teamwork
98000005,2021-02-05,Absence
98000001,2021-02-08,Presence
98000011,2021-02-08,Presence
98000010,2021-02-08,Presence
98000003,2021-02-08,Efficacy
98000002,2021-02-08,Presence
98000007,2021-02-08,Efficacy
98000012,2021-02-08,Efficacy
98000004,2021-02-08,Efficacy
98000009,2021-02-08,Presence
98000010,2021-02-09,Presence
98000009,2021-02-09,Efficacy
98000003,2021-02-09,Efficacy
98000007,2021-02-09,Efficacy
98000004,2021-02-09,Presence
98000013,2021-02-09,Presence
98000002,2021-02-09,Efficacy
98000005,2021-02-09,Presence
98000011,2021-02-09,Efficacy
98000006,2021-02-09,Presence
98000007,2021-02-10,Efficacy
98000006,2021-02-10,Efficacy
98000010,2021-02-10,Efficacy
98000003,2021-02-10,Efficacy
98000008,2021-02-10,Presence
98000009,2021-02-10,Presence
98000005,2021-02-10,Presence
98000013,2021-02-10,Presence
98000007,2021-02-11,Efficacy
98000009,2021-02-11,Presence
98000010,2021-02-11,Efficacy
98000012,2021-02-11,Presence
98000005,2021-02-11,Presence
98000004,2021-02-11,Efficacy
98000003,2021-02-11,Efficacy
98000008,2021-02-11,Efficacy
98000011,2021-02-11,Efficacy
98000008,2021-02-12,Sacrifice
98000005,2021-02-12,Efficacy
98000012,2021-02-12,Teamwork
98000004,2021-02-12,Presence
98000006,2021-02-12,Presence
98000007,2021-02-12,Presence
98000009,2021-02-12,Presence
98000001,2021-02-12,Presence
98000010,2021-02-12,Efficacy
98000013,2021-02-12,Presence
98000002,2021-02-12,Efficacy
98000008,2021-02-15,Presence
98000006,2021-02-15,Presence
98000007,2021-02-15,Efficacy
98000005,2021-02-15,Efficacy
98000004,2021-02-15,Presence
98000001,2021-02-15,Efficacy
98000003,2021-02-15,Presence
98000002,2021-02-15,Efficacy
98000007,2021-02-16,Efficacy
98000003,2021-02-16,Presence
98000001,2021-02-16,Efficacy
98000006,2021-02-16,Presence
98000008,2021-02-16,Efficacy
98000005,2021-02-16,Presence
98000009,2021-02-16,Presence
98000010,2021-02-16,Presence
98000006,2021-02-17,Efficacy
98000007,2021-02-17,Efficacy
98000002,2021-02-17,Efficacy
98000009,2021-02-17,Presence
98000008,2021-02-17,Efficacy
98000013,2021-02-17,Efficacy
98000003,2021-02-17,Efficacy
98000012,2021-02-17,Efficacy
98000010,2021-02-17,Efficacy
98000011,2021-02-17,Efficacy
98000005,2021-02-17,Presence
98000003,2021-02-18,Efficacy
98000008,2021-02-18,Presence
98000011,2021-02-18,Efficacy
98000004,2021-02-18,Presence
98000013,2021-02-18,Presence
98000002,2021-02-18,Efficacy
98000012,2021-02-18,Efficacy
98000009,2021-02-18,Presence
98000001,2021-02-18,Efficacy
98000006,2021-02-18,Presence
98000010,2021-02-18,Presence
98000007,2021-02-18,Presence
98000009,2021-02-19,Efficacy
98000006,2021-02-19,Presence
98000005,2021-02-19,Presence
98000013,2021-02-19,Efficacy
98000002,2021-02-19,Lapse
98000008,2021-02-19,Efficacy
98000001,2021-02-19,Efficacy
98000012,2021-02-19,Efficacy
98000004,2021-02-19,Efficacy
98000007,2021-02-19,Presence
98000008,2021-02-22,Efficacy
98000004,2021-02-22,Efficacy
98000006,2021-02-22,Efficacy
98000009,2021-02-22,Efficacy
98000007,2021-02-22,Presence
98000005,2021-02-22,Efficacy
98000012,2021-02-22,Efficacy
98000001,2021-02-22,Presence
98000002,2021-02-23,Efficacy
98000010,2021-02-23,Presence
98000007,2021-02-23,Efficacy
98000011,2021-02-23,Efficacy
98000003,2021-02-23,Presence
98000006,2021-02-23,Presence
98000001,2021-02-23,Presence
98000008,2021-02-23,Presence
98000001,2021-02-24,Efficacy
98000002,2021-02-24,Efficacy
98000012,2021-02-24,Presence
98000005,2021-02-24,Presence
98000010,2021-02-24,Efficacy
98000008,2021-02-24,Efficacy
98000003,2021-02-24,Presence
98000004,2021-02-24,Efficacy
98000007,2021-02-24,Presence
98000013,2021-02-24,Efficacy
98000011,2021-02-25,Presence
98000009,2021-02-25,Efficacy
98000013,2021-02-25,Presence
98000010,2021-02-25,Efficacy
98000007,2021-02-25,Efficacy
98000006,2021-02-25,Efficacy
98000004,2021-02-25,Efficacy
98000008,2021-02-25,Presence
98000012,2021-02-25,Efficacy
98000005,2021-02-25,Efficacy
98000013,2021-02-26,Presence
98000004,2021-02-26,Efficacy
98000005,2021-02-26,Presence
98000002,2021-02-26,Efficacy
98000011,2021-02-26,Efficacy
98000012,2021-02-26,Efficacy
98000008,2021-02-26,Presence
98000012,2021-03-01,Efficacy
98000013,2021-03-01,Efficacy
98000010,2021-03-01,Efficacy
98000011,2021-03-01,Efficacy
98000003,2021-03-01,Efficacy
98000004,2021-03-01,Presence
98000009,2021-03-01,Presence
98000006,2021-03-01,Efficacy
98000005,2021-03-01,Efficacy
98000004,2021-03-02,Efficacy
98000005,2021-03-02,Presence
98000010,2021-03-02,Presence
98000008,2021-03-02,Efficacy
98000013,2021-03-02,Efficacy
98000001,2021-03-02,Presence
98000011,2021-03-02,Presence
98000012,2021-03-02,Efficacy
98000004,2021-03-03,Efficacy
98000011,2021-03-03,Efficacy
98000002,2021-03-03,Absence
98000010,2021-03-03,Absence
98000013,2021-03-03,Efficacy
98000001,2021-03-03,Presence
98000009,2021-03-03,Efficacy
98000007,2021-03-03,Presence
98000005,2021-03-03,Presence
98000007,2021-03-04,Efficacy
98000003,2021-03-04,Efficacy
98000008,2021-03-04,Presence
98000006,2021-03-04,Efficacy
98000005,2021-03-04,Presence
98000012,2021-03-04,Efficacy
98000001,2021-03-04,Efficacy
98000004,2021-03-04,Presence
98000009,2021-03-04,Presence
98000013,2021-03-04,Presence
98000009,2021-03-05,Presence
98000010,2021-03-05,Efficacy
98000004,2021-03-05,Presence
98000002,2021-03-05,Efficacy
98000013,2021-03-05,Presence
98000011,2021-03-05,Efficacy
98000001,2021-03-05,Efficacy
98000012,2021-03-05,Efficacy
98000009,2021-03-08,Presence
98000006,2021-03-08,Efficacy
98000005,2021-03-08,Presence
98000007,2021-03-08,Efficacy
98000008,2021-03-08,Absence
98000004,2021-03-08,Efficacy
98000002,2021-03-08,Slip
98000012,2021-03-09,Efficacy
98000013,2021-03-09,Presence
98000011,2021-03-09,Presence
98000008,2021-03-09,Presence
98000005,2021-03-09,Efficacy
98000009,2021-03-09,Efficacy
98000010,2021-03-09,Feat
98000007,2021-03-09,Presence
98000013,2021-03-10,Presence
98000004,2021-03-10,Presence
98000001,2021-03-10,Efficacy
98000005,2021-03-10,Presence
98000010,2021-03-10,Efficacy
98000002,2021-03-10,Efficacy
98000009,2021-03-10,Presence
98000007,2021-03-10,Absence
98000008,2021-03-10,Presence
98000012,2021-03-10,Efficacy
98000001,2021-03-11,Sacrifice
98000006,2021-03-11,Presence
98000007,2021-03-11,Presence
98000009,2021-03-11,Presence
98000002,2021-03-11,Efficacy
98000004,2021-03-11,Efficacy
98000003,2021-03-11,Efficacy
98000012,2021-03-11,Presence
98000010,2021-03-11,Presence
98000003,2021-03-12,Efficacy
98000004,2021-03-12,Presence
98000006,2021-03-12,Efficacy
98000001,2021-03-12,Presence
98000010,2021-03-12,Efficacy
98000008,2021-03-12,Presence
98000007,2021-03-12,Efficacy
98000009,2021-03-12,Presence
98000006,2021-03-15,Presence
98000010,2021-03-15,Efficacy
98000005,2021-03-15,Presence
98000013,2021-03-15,Efficacy
98000004,2021-03-15,Presence
98000008,2021-03-15,Presence
98000011,2021-03-15,Presence
98000012,2021-03-15,Efficacy
98000001,2021-03-15,Efficacy
98000003,2021-03-15,Presence
98000007,2021-03-15,Efficacy
98000002,2021-03-15,Presence
98000009,2021-03-15,Presence
98000010,2021-03-16,Efficacy
98000012,2021-03-16,Presence
98000009,2021-03-16,Efficacy
98000004,2021-03-16,Efficacy
98000011,2021-03-16,Presence
98000008,2021-03-16,Efficacy
98000003,2021-03-16,Presence
98000002,2021-03-16,Presence
98000001,2021-03-16,Presence
98000005,2021-03-16,Presence
98000002,2021-03-17,Efficacy
98000013,2021-03-17,Presence
98000004,2021-03-17,Absence
98000009,2021-03-17,Presence
98000010,2021-03-17,Efficacy
98000005,2021-03-17,Efficacy
98000007,2021-03-17,Efficacy
98000006,2021-03-17,Presence
98000012,2021-03-18,Presence
98000007,2021-03-18,Presence
98000002,2021-03-18,Efficacy
98000001,2021-03-18,Efficacy
98000013,2021-03-18,Efficacy
98000006,2021-03-18,Presence
98000011,2021-03-18,Efficacy
98000005,2021-03-18,Efficacy
98000004,2021-03-18,Presence
98000010,2021-03-18,Presence
98000008,2021-03-18,Efficacy
98000006,2021-03-19,Teamwork
98000004,2021-03-19,Presence
98000005,2021-03-19,Presence
98000008,2021-03-19,Presence
98000007,2021-03-19,Efficacy
98000012,2021-03-19,Presence
98000001,2021-03-22,Presence
98000006,2021-03-22,Absence
98000008,2021-03-22,Sacrifice
98000003,2021-03-22,Efficacy
98000004,2021-03-22,Presence
98000005,2021-03-22,Efficacy
98000002,2021-03-22,Presence
98000012,2021-03-22,Presence
98000009,2021-03-22,Presence
98000013,2021-03-22,Presence
98000002,2021-03-23,Efficacy
98000005,2021-03-23,Efficacy
98000003,2021-03-23,Efficacy
98000009,2021-03-23,Efficacy
98000013,2021-03-23,Efficacy
98000004,2021-03-23,Presence
98000010,2021-03-23,Presence
98000006,2021-03-23,Efficacy
98000007,2021-03-23,Efficacy
98000002,2021-03-24,Presence
98000004,2021-03-24,Presence
98000010,2021-03-24,Efficacy
98000011,2021-03-24,Presence
98000008,2021-03-24,Efficacy
98000007,2021-03-24,Presence
98000005,2021-03-24,Efficacy
98000012,2021-03-24,Efficacy
98000013,2021-03-24,Presence
98000006,2021-03-24,Presence
98000007,2021-03-25,Sacrifice
98000011,2021-03-25,Presence
98000001,2021-03-25,Presence
98000008,2021-03-25,Efficacy
98000010,2021-03-25,Presence
98000002,2021-03-25,Presence
98000003,2021-03-25,Presence
98000006,2021-03-26,Efficacy
98000011,2021-03-26,Absence
98000009,2021-03-26,Efficacy
98000012,2021-03-26,Efficacy
98000010,2021-03-26,Efficacy
98000013,2021-03-26,Presence
98000007,2021-03-26,Presence
98000011,2021-03-29,Presence
98000013,2021-03-29,Presence
98000005,2021-03-29,Efficacy
98000007,2021-03-29,Feat
98000002,2021-03-29,Efficacy
98000008,2021-03-29,Efficacy
98000001,2021-03-29,Teamwork
98000006,2021-03-30,Presence
98000005,2021-03-30,Efficacy
98000001,2021-03-30,Presence
98000003,2021-03-30,Efficacy
98000004,2021-03-30,Presence
98000012,2021-03-30,Presence
98000013,2021-03-30,Presence
98000002,2021-03-30,Absence
98000009,2021-03-30,Efficacy
98000011,2021-03-30,Sacrifice
98000007,2021-03-30,Efficacy
98000006,2021-03-31,Efficacy
98000003,2021-03-31,Absence
98000007,2021-03-31,Sacrifice
98000011,2021-03-31,Presence
98000012,2021-03-31,Efficacy
98000013,2021-03-31,Absence
98000005,2021-03-31,Efficacy
98000009,2021-03-31,Presence
98000001,2021-03-31,Efficacy
98000010,2021-03-31,Efficacy
98000005,2021-04-01,Efficacy
98000006,2021-04-01,Presence
98000013,2021-04-01,Efficacy
98000012,2021-04-01,Presence
98000007,2021-04-01,Presence
98000001,2021-04-01,Sacrifice
98000004,2021-04-01,Efficacy
98000010,2021-04-01,Sacrifice
98000002,2021-04-01,Efficacy
98000008,2021-04-01,Presence
98000010,2021-04-02,Presence
98000004,2021-04-02,Presence
98000013,2021-04-02,Efficacy
98000001,2021-04-02,Efficacy
98000012,2021-04-02,Efficacy
98000003,2021-04-02,Presence
98000011,2021-04-02,Presence
98000009,2021-04-02,Presence
98000002,2021-04-02,Efficacy
98000007,2021-04-02,Efficacy
98000006,2021-04-02,Efficacy
98000005,2021-04-02,Efficacy
98000010,2021-04-05,Efficacy
98000002,2021-04-05,Efficacy
98000006,2021-04-05,Presence
98000007,2021-04-05,Efficacy
98000003,2021-04-05,Presence
98000001,2021-04-05,Presence
98000011,2021-04-05,Efficacy
98000004,2021-04-05,Presence
98000012,2021-04-05,Presence
98000013,2021-04-05,Efficacy
98000009,2021-04-05,Efficacy
98000013,2021-04-06,Efficacy
98000006,2021-04-06,Feat
98000009,2021-04-06,Presence
98000003,2021-04-06,Presence
98000008,2021-04-06,Presence
98000002,2021-04-06,Presence
98000005,2021-04-06,Presence
98000005,2021-04-07,Presence
98000009,2021-04-07,Presence
98000006,2021-04-07,Efficacy
98000011,2021-04-07,Efficacy
98000010,2021-04-07,Presence
98000007,2021-04-07,Efficacy
98000008,2021-04-07,Efficacy
98000002,2021-04-07,Efficacy
98000004,2021-04-07,Absence
98000012,2021-04-07,Presence
98000013,2021-04-07,Idea
98000010,2021-04-08,Presence
98000003,2021-04-08,Presence
98000009,2021-04-08,Efficacy
98000004,2021-04-08,Efficacy
98000002,2021-04-08,Efficacy
98000011,2021-04-08,Presence
98000012,2021-04-08,Efficacy
98000006,2021-04-08,Presence
98000013,2021-04-08,Presence
98000007,2021-04-08,Efficacy
98000008,2021-04-08,Efficacy
98000004,2021-04-09,Efficacy
98000001,2021-04-09,Presence
98000003,2021-04-09,Presence
98000012,2021-04-09,Presence
98000005,2021-04-09,Efficacy
98000010,2021-04-09,Presence
98000006,2021-04-09,Presence
98000007,2021-04-09,Efficacy
98000008,2021-04-12,Presence
98000003,2021-04-12,Presence
98000010,2021-04-12,Efficacy
98000005,2021-04-12,Presence
98000006,2021-04-12,Efficacy
98000004,2021-04-12,Efficacy
98000001,2021-04-12,Efficacy
98000011,2021-04-12,Efficacy
98000009,2021-04-12,Efficacy
98000012,2021-04-12,Efficacy
98000004,2021-04-13,Efficacy
98000009,2021-04-13,Efficacy
98000003,2021-04-13,Absence
98000013,2021-04-13,Efficacy
98000008,2021-04-13,Efficacy
98000007,2021-04-13,Efficacy
98000010,2021-04-13,Efficacy
98000006,2021-04-13,Presence
98000011,2021-04-13,Efficacy
98000012,2021-04-13,Efficacy
98000001,2021-04-13,Presence
98000006,2021-04-14,Efficacy
98000002,2021-04-14,Presence
98000007,2021-04-14,Efficacy
98000008,2021-04-14,Presence
98000003,2021-04-14,Presence
98000010,2021-04-14,Efficacy
98000005,2021-04-14,Presence
98000001,2021-04-14,Presence
98000004,2021-04-14,Presence
98000010,2021-04-15,Efficacy
98000008,2021-04-15,Efficacy
98000001,2021-04-15,Efficacy
98000006,2021-04-15,Presence
98000002,2021-04-15,Presence
98000009,2021-04-15,Presence
98000005,2021-04-15,Presence
98000004,2021-04-15,Efficacy
98000013,2021-04-15,Efficacy
98000011,2021-04-16,Efficacy
98000003,2021-04-16,Efficacy
98000010,2021-04-16,Efficacy
98000009,2021-04-16,Efficacy
98000002,2021-04-16,Presence
98000007,2021-04-16,Presence
98000005,2021-04-19,Presence
98000012,2021-04-19,Efficacy
98000010,2021-04-19,Efficacy
98000008,2021-04-19,Feat
98000013,2021-04-19,Efficacy
98000011,2021-04-19,Presence
98000006,2021-04-19,Efficacy
98000012,2021-04-20,Efficacy
98000004,2021-04-20,Efficacy
98000002,2021-04-20,Efficacy
98000003,2021-04-20,Presence
98000008,2021-04-20,Presence
98000011,2021-04-20,Efficacy
98000001,2021-04-20,Efficacy
98000013,2021-04-20,Efficacy
98000006,2021-04-20,Presence
98000004,2021-04-21,Efficacy
98000006,2021-04-21,Presence
98000008,2021-04-21,Presence
98000009,2021-04-21,Efficacy
98000011,2021-04-21,Efficacy
98000003,2021-04-21,Efficacy
98000012,2021-04-21,Efficacy
98000002,2021-04-21,Efficacy
98000010,2021-04-21,Presence
98000001,2021-04-21,Presence
98000007,2021-04-21,Presence
98000013,2021-04-21,Absence
98000005,2021-04-21,Efficacy
98000001,2021-04-22,Presence
98000007,2021-04-22,Presence
98000002,2021-04-22,Efficacy
98000009,2021-04-22,Presence
98000003,2021-04-22,Presence
98000013,2021-04-22,Efficacy
98000010,2021-04-22,Efficacy
98000008,2021-04-22,Presence
98000006,2021-04-22,Efficacy
98000008,2021-04-23,Efficacy
98000013,2021-04-23,Presence
98000003,2021-04-23,Efficacy
98000005,2021-04-23,Presence
98000006,2021-04-23,Efficacy
98000001,2021-04-23,Presence
98000007,2021-04-23,Presence
98000011,2021-04-23,Sacrifice
98000010,2021-04-23,Presence
98000004,2021-04-23,Presence
98000010,2021-04-26,Efficacy
98000013,2021-04-26,Presence
98000002,2021-04-26,Efficacy
98000004,2021-04-26,Presence
98000003,2021-04-26,Presence
98000006,2021-04-26,Efficacy
98000012,2021-04-26,Presence
98000013,2021-04-27,Efficacy
98000007,2021-04-27,Presence
98000011,2021-04-27,Presence
98000012,2021-04-27,Presence
98000005,2021-04-27,Presence
98000008,2021-04-27,Presence
98000002,2021-04-27,Presence
98000006,2021-04-27,Efficacy
98000010,2021-04-27,Presence
98000013,2021-04-28,Presence
98000004,2021-04-28,Presence
98000002,2021-04-28,Presence
98000010,2021-04-28,Efficacy
98000001,2021-04-28,Presence
98000012,2021-04-28,Efficacy
98000003,2021-04-28,Presence
98000005,2021-04-28,Presence
98000011,2021-04-28,Presence
98000009,2021-04-29,Presence
98000004,2021-04-29,Efficacy
98000011,2021-04-29,Efficacy
98000003,2021-04-29,Efficacy
98000012,2021-04-29,Efficacy
98000010,2021-04-29,Efficacy
98000007,2021-04-29,Presence
98000003,2021-04-30,Feat
98000011,2021-04-30,Efficacy
98000007,2021-04-30,Efficacy
98000013,2021-04-30,Presence
98000012,2021-04-30,Presence
98000008,2021-04-30,Presence
98000010,2021-04-30,Presence
98000005,2021-04-30,Efficacy
98000001,2021-04-30,Presence
98000001,2021-05-03,Efficacy
98000007,2021-05-03,Presence
98000006,2021-05-03,Efficacy
98000011,2021-05-03,Efficacy
98000003,2021-05-03,Efficacy
98000008,2021-05-03,Efficacy
98000012,2021-05-03,Presence
98000009,2021-05-03,Presence
98000008,2021-05-04,Efficacy
98000007,2021-05-04,Presence
98000010,2021-05-04,Presence
98000012,2021-05-04,Presence
98000013,2021-05-04,Presence
98000004,2021-05-04,Efficacy
98000003,2021-05-04,Efficacy
98000006,2021-05-04,Presence
98000003,2021-05-05,Efficacy
98000001,2021-05-05,Presence
98000006,2021-05-05,Presence
98000008,2021-05-05,Presence
98000010,2021-05-05,Efficacy
98000011,2021-05-05,Efficacy
98000005,2021-05-05,Efficacy
98000009,2021-05-05,Presence
98000013,2021-05-06,Presence
98000011,2021-05-06,Presence
98000002,2021-05-06,Efficacy
98000004,2021-05-06,Feat
98000001,2021-05-06,Disruption
98000012,2021-05-06,Efficacy
98000005,2021-05-06,Presence
98000006,2021-05-06,Presence
98000009,2021-05-07,Efficacy
98000013,2021-05-07,Sacrifice
98000011,2021-05-07,Presence
98000002,2021-05-07,Efficacy
98000010,2021-05-07,Efficacy
98000004,2021-05-07,Efficacy
98000003,2021-05-07,Presence
98000001,2021-05-07,Feat
98000005,2021-05-07,Efficacy
98000008,2021-05-07,Efficacy
98000013,2021-05-10,Efficacy
98000006,2021-05-10,Efficacy
98000004,2021-05-10,Presence
98000008,2021-05-10,Efficacy
98000002,2021-05-10,Efficacy
98000005,2021-05-10,Efficacy
98000012,2021-05-10,Efficacy
98000011,2021-05-10,Presence
98000001,2021-05-10,Efficacy
98000003,2021-05-10,Presence
98000010,2021-05-10,Presence
98000009,2021-05-10,Presence
98000002,2021-05-11,Efficacy
98000003,2021-05-11,Efficacy
98000001,2021-05-11,Presence
98000004,2021-05-11,Presence
98000012,2021-05-11,Efficacy
98000013,2021-05-11,Presence
98000011,2021-05-11,Presence
98000005,2021-05-11,Presence
98000007,2021-05-11,Efficacy
98000010,2021-05-11,Presence
98000008,2021-05-11,Efficacy
98000009,2021-05-11,Efficacy
98000006,2021-05-11,Presence
98000007,2021-05-12,Absence
98000009,2021-05-12,Presence
98000006,2021-05-12,Efficacy
98000012,2021-05-12,Presence
98000008,2021-05-12,Efficacy
98000013,2021-05-12,Presence
98000004,2021-05-12,Presence
98000002,2021-05-12,Efficacy
98000005,2021-05-12,Presence
98000006,2021-05-13,Presence
98000003,2021-05-13,Efficacy
98000011,2021-05-13,Efficacy
98000004,2021-05-13,Lapse
98000010,2021-05-13,Teamwork
98000007,2021-05-13,Efficacy
98000008,2021-05-13,Presence
98000009,2021-05-13,Efficacy
98000001,2021-05-13,Efficacy
98000013,2021-05-13,Presence
98000004,2021-05-14,Efficacy
98000003,2021-05-14,Efficacy
98000006,2021-05-14,Efficacy
98000013,2021-05-14,Presence
98000011,2021-05-14,Presence
98000009,2021-05-14,Efficacy
98000012,2021-05-14,Presence
98000001,2021-05-14,Efficacy
98000002,2021-05-14,Efficacy
98000008,2021-05-14,Absence
98000001,2021-05-17,Presence
98000003,2021-05-17,Presence
98000009,2021-05-17,Presence
98000008,2021-05-17,Efficacy
98000002,2021-05-17,Presence
98000013,2021-05-17,Efficacy
98000012,2021-05-17,Sacrifice
98000007,2021-05-17,Presence
98000006,2021-05-17,Presence
98000004,2021-05-17,Presence
98000005,2021-05-17,Efficacy
98000011,2021-05-18,Presence
98000005,2021-05-18,Efficacy
98000003,2021-05-18,Efficacy
98000004,2021-05-18,Efficacy
98000009,2021-05-18,Efficacy
98000008,2021-05-18,Presence
98000013,2021-05-18,Presence
98000001,2021-05-18,Presence
98000008,2021-05-19,Presence
98000011,2021-05-19,Efficacy
98000010,2021-05-19,Presence
98000013,2021-05-19,Absence
98000009,2021-05-19,Efficacy
98000002,2021-05-19,Efficacy
98000003,2021-05-19,Presence
98000012,2021-05-19,Presence
98000005,2021-05-19,Presence
98000004,2021-05-19,Efficacy
98000003,2021-05-20,Presence
98000006,2021-05-20,Presence
98000004,2021-05-20,Efficacy
98000013,2021-05-20,Presence
98000010,2021-05-20,Efficacy
98000012,2021-05-20,Efficacy
98000005,2021-05-20,Efficacy
98000009,2021-05-20,Teamwork
98000007,2021-05-21,Presence
98000009,2021-05-21,Presence
98000003,2021-05-21,Efficacy
98000011,2021-05-21,Presence
98000013,2021-05-21,Absence
98000012,2021-05-21,Presence
98000001,2021-05-21,Efficacy
98000006,2021-05-21,Presence
98000011,2021-05-24,Efficacy
98000009,2021-05-24,Efficacy
98000001,2021-05-24,Efficacy
98000007,2021-05-24,Efficacy
98000012,2021-05-24,Efficacy
98000005,2021-05-24,Efficacy
98000008,2021-05-24,Presence
98000002,2021-05-24,Efficacy
98000006,2021-05-24,Presence
98000001,2021-05-25,Presence
98000010,2021-05-25,Efficacy
98000006,2021-05-25,Presence
98000002,2021-05-25,Presence
98000009,2021-05-25,Presence
98000008,2021-05-25,Efficacy
98000011,2021-05-25,Efficacy
98000007,2021-05-25,Efficacy
98000004,2021-05-25,Efficacy
98000005,2021-05-25,Lapse
98000013,2021-05-25,Idea
98000008,2021-05-26,Presence
98000013,2021-05-26,Presence
98000005,2021-05-26,Efficacy
98000006,2021-05-26,Presence
98000004,2021-05-26,Presence
98000010,2021-05-26,Efficacy
98000002,2021-05-26,Efficacy
98000012,2021-05-26,Efficacy
98000003,2021-05-27,Efficacy
98000009,2021-05-27,Presence
98000011,2021-05-27,Efficacy
98000012,2021-05-27,Efficacy
98000004,2021-05-27,Presence
98000013,2021-05-27,Presence
98000008,2021-05-27,Efficacy
98000001,2021-05-27,Presence
98000004,2021-05-28,Presence
98000007,2021-05-28,Presence
98000003,2021-05-28,Presence
98000005,2021-05-28,Efficacy
98000001,2021-05-28,Efficacy
98000009,2021-05-28,Sacrifice
98000006,2021-05-28,Feat
98000002,2021-05-31,Efficacy
98000010,2021-05-31,Efficacy
98000009,2021-05-31,Presence
98000003,2021-05-31,Feat
98000013,2021-05-31,Absence
98000008,2021-05-31,Presence
98000001,2021-05-31,Efficacy
98000006,2021-05-31,Presence
98000005,2021-05-31,Presence
98000012,2021-05-31,Presence
98000007,2021-06-01,Presence
98000005,2021-06-01,Presence
98000001,2021-06-01,Lapse
98000002,2021-06-01,Efficacy
98000008,2021-06-01,Efficacy
98000003,2021-06-01,Efficacy
98000013,2021-06-01,Efficacy
98000006,2021-06-01,Efficacy
98000010,2021-06-01,Presence
98000011,2021-06-02,Presence
98000001,2021-06-02,Efficacy
98000013,2021-06-02,Efficacy
98000003,2021-06-02,Efficacy
98000002,2021-06-02,Presence
98000004,2021-06-02,Presence
98000012,2021-06-02,Presence
98000005,2021-06-02,Efficacy
98000007,2021-06-02,Efficacy
98000007,2021-06-03,Efficacy
98000010,2021-06-03,Presence
98000005,2021-06-03,Presence
98000004,2021-06-03,Efficacy
98000013,2021-06-03,Presence
98000011,2021-06-03,Presence
98000008,2021-06-03,Presence
98000002,2021-06-03,Presence
98000009,2021-06-03,Presence
98000012,2021-06-03,Efficacy
98000006,2021-06-03,Presence
98000011,2021-06-04,Presence
98000010,2021-06-04,Efficacy
98000009,2021-06-04,Presence
98000013,2021-06-04,Efficacy
98000002,2021-06-04,Presence
98000012,2021-06-04,Presence
98000005,2021-06-04,Efficacy
98000006,2021-06-04,Presence
98000003,2021-06-04,Presence
98000013,2021-06-07,Efficacy
98000012,2021-06-07,Efficacy
98000007,2021-06-07,Efficacy
98000006,2021-06-07,Efficacy
98000010,2021-06-07,Efficacy
98000008,2021-06-07,Efficacy
98000005,2021-06-07,Presence
98000009,2021-06-07,Efficacy
98000001,2021-06-08,Presence
98000013,2021-06-08,Efficacy
98000009,2021-06-08,Efficacy
98000010,2021-06-08,Presence
98000004,2021-06-08,Presence
98000008,2021-06-08,Efficacy
98000003,2021-06-08,Efficacy
98000011,2021-06-08,Presence
98000012,2021-06-08,Presence
98000002,2021-06-08,Presence
98000008,2021-06-09,Efficacy
98000013,2021-06-09,Efficacy
98000005,2021-06-09,Absence
98000012,2021-06-09,Presence
98000006,2021-06-09,Efficacy
98000010,2021-06-09,Presence
98000002,2021-06-09,Presence
98000011,2021-06-09,Efficacy
98000001,2021-06-09,Presence
98000007,2021-06-09,Efficacy
98000012,2021-06-10,Presence
98000002,2021-06-10,Presence
98000007,2021-06-10,Efficacy
98000010,2021-06-10,Efficacy
98000011,2021-06-10,Efficacy
98000008,2021-06-10,Presence
98000009,2021-06-10,Efficacy
98000004,2021-06-10,Efficacy
98000001,2021-06-10,Efficacy
98000013,2021-06-11,Efficacy
98000010,2021-06-11,Presence
98000001,2021-06-11,Presence
98000004,2021-06-11,Presence
98000005,2021-06-11,Efficacy
98000006,2021-06-11,Presence
98000011,2021-06-11,Efficacy
98000005,2021-06-14,Absence
98000008,2021-06-14,Slip
98000003,2021-06-14,Efficacy
98000004,2021-06-14,Presence
98000010,2021-06-14,Presence
98000002,2021-06-14,Efficacy
98000001,2021-06-14,Presence
98000010,2021-06-15,Efficacy
98000007,2021-06-15,Efficacy
98000012,2021-06-15,Presence
98000006,2021-06-15,Presence
98000008,2021-06-15,Presence
98000011,2021-06-15,Efficacy
98000005,2021-06-15,Efficacy
98000010,2021-06-16,Lapse
98000012,2021-06-16,Presence
98000002,2021-06-16,Efficacy
98000008,2021-06-16,Efficacy
98000003,2021-06-16,Efficacy
98000006,2021-06-16,Efficacy
98000012,2021-06-17,Efficacy
98000008,2021-06-17,Lapse
98000006,2021-06-17,Presence
98000009,2021-06-17,Presence
98000010,2021-06-17,Efficacy
98000007,2021-06-17,Efficacy
98000011,2021-06-17,Presence
98000013,2021-06-17,Presence
98000003,2021-06-17,Absence
98000004,2021-06-17,Efficacy
98000008,2021-06-18,Absence
98000003,2021-06-18,Efficacy
98000004,2021-06-18,Presence
98000005,2021-06-18,Presence
98000002,2021-06-18,Presence
98000010,2021-06-18,Efficacy
98000009,2021-06-18,Presence
98000003,2021-06-21,Efficacy
98000005,2021-06-21,Presence
98000009,2021-06-21,Presence
98000004,2021-06-21,Efficacy
98000012,2021-06-21,Efficacy
98000010,2021-06-21,Efficacy
98000006,2021-06-21,Presence
98000011,2021-06-21,Presence
98000002,2021-06-21,Efficacy
98000013,2021-06-21,Efficacy
98000008,2021-06-21,Presence
98000011,2021-06-22,Efficacy
98000013,2021-06-22,Presence
98000003,2021-06-22,Efficacy
98000010,2021-06-22,Presence
98000005,2021-06-22,Presence
98000012,2021-06-22,Efficacy
98000001,2021-06-22,Presence
98000004,2021-06-22,Presence
98000009,2021-06-22,Efficacy
98000003,2021-06-23,Presence
98000010,2021-06-23,Presence
98000005,2021-06-23,Efficacy
98000002,2021-06-23,Presence
98000007,2021-06-23,Efficacy
98000008,2021-06-23,Presence
98000006,2021-06-23,Efficacy
98000005,2021-06-24,Efficacy
98000013,2021-06-24,Presence
98000001,2021-06-24,Efficacy
98000004,2021-06-24,Efficacy
98000009,2021-06-24,Efficacy
98000007,2021-06-25,Presence
98000004,2021-06-25,Presence
98000006,2021-06-25,Presence
98000002,2021-06-25,Presence
98000009,2021-06-25,Presence
98000010,2021-06-25,Efficacy
98000012,2021-06-25,Presence
98000013,2021-06-25,Presence
98000003,2021-06-25,Idea
98000002,2021-06-28,Presence
98000011,2021-06-28,Sacrifice
98000004,2021-06-28,Efficacy
98000001,2021-06-28,Efficacy
98000003,2021-06-28,Absence
98000010,2021-06-28,Efficacy
98000012,2021-06-28,Efficacy
98000007,2021-06-28,Presence
98000008,2021-06-28,Efficacy
98000013,2021-06-28,Presence
98000002,2021-06-29,Efficacy
98000008,2021-06-29,Efficacy
98000012,2021-06-29,Efficacy
98000001,2021-06-29,Efficacy
98000009,2021-06-29,Presence
98000006,2021-06-29,Presence
98000005,2021-06-29,Presence
98000004,2021-06-29,Presence
98000010,2021-06-30,Presence
98000001,2021-06-30,Presence
98000004,2021-06-30,Presence
98000007,2021-06-30,Presence
98000008,2021-07-01,Presence
98000013,2021-07-01,Efficacy
98000003,2021-07-01,Efficacy
98000012,2021-07-01,Presence
98000009,2021-07-01,Presence
98000006,2021-07-01,Efficacy
98000001,2021-07-01,Efficacy
98000010,2021-07-02,Efficacy
98000011,2021-07-02,Presence
98000003,2021-07-02,Presence
98000009,2021-07-02,Efficacy
98000001,2021-07-02,Presence
98000005,2021-07-02,Presence
98000006,2021-07-02,Efficacy
98000007,2021-07-02,Presence
98000012,2021-07-02,Presence
98000003,2021-07-05,Efficacy
98000006,2021-07-05,Efficacy
98000011,2021-07-05,Presence
98000010,2021-07-05,Presence
98000007,2021-07-05,Presence
98000005,2021-07-05,Efficacy
98000009,2021-07-05,Efficacy
98000004,2021-07-05,Presence
98000001,2021-07-05,Efficacy
98000013,2021-07-06,Presence
98000006,2021-07-06,Presence
98000010,2021-07-06,Presence
98000001,2021-07-06,Efficacy
98000003,2021-07-06,Efficacy
98000002,2021-07-06,Presence
98000007,2021-07-06,Absence
98000005,2021-07-06,Presence
98000011,2021-07-07,Efficacy
98000004,2021-07-07,Efficacy
98000001,2021-07-07,Presence
98000003,2021-07-07,Efficacy
98000009,2021-07-07,Efficacy
98000005,2021-07-07,Efficacy
98000007,2021-07-07,Presence
98000007,2021-07-08,Efficacy
98000010,2021-07-08,Presence
98000002,2021-07-08,Presence
98000005,2021-07-08,Presence
98000012,2021-07-08,Efficacy
98000011,2021-07-08,Efficacy
98000006,2021-07-08,Presence
98000013,2021-07-08,Presence
98000009,2021-07-08,Presence
98000013,2021-07-09,Efficacy
98000009,2021-07-09,Presence
98000005,2021-07-09,Efficacy
98000001,2021-07-09,Efficacy
98000011,2021-07-09,Absence
98000010,2021-07-09,Presence
98000002,2021-07-09,Presence
98000006,2021-07-09,Efficacy
98000003,2021-07-12,Efficacy
98000007,2021-07-12,Efficacy
98000002,2021-07-12,Efficacy
98000011,2021-07-12,Efficacy
98000001,2021-07-12,Presence
98000005,2021-07-12,Efficacy
98000006,2021-07-12,Efficacy
98000004,2021-07-12,Presence
98000009,2021-07-12,Presence
98000012,2021-07-12,Presence
98000010,2021-07-12,Presence
98000003,2021-07-13,Presence
98000011,2021-07-13,Efficacy
98000002,2021-07-13,Presence
98000012,2021-07-13,Efficacy
98000010,2021-07-13,Efficacy
98000009,2021-07-13,Efficacy
98000004,2021-07-13,Presence
98000006,2021-07-13,Efficacy
98000010,2021-07-14,Presence
98000004,2021-07-14,Efficacy
98000003,2021-07-14,Efficacy
98000013,2021-07-14,Presence
98000012,2021-07-14,Lapse
98000002,2021-07-14,Efficacy
98000005,2021-07-14,Presence
98000009,2021-07-14,Presence
98000001,2021-07-14,Efficacy
98000006,2021-07-14,Presence
98000001,2021-07-15,Efficacy
98000003,2021-07-15,Efficacy
98000010,2021-07-15,Efficacy
98000012,2021-07-15,Absence
98000013,2021-07-15,Efficacy
98000011,2021-07-15,Efficacy
98000004,2021-07-15,Presence
98000007,2021-07-15,Efficacy
98000009,2021-07-15,Efficacy
98000005,2021-07-15,Presence
98000002,2021-07-16,Presence
98000001,2021-07-16,Efficacy
98000007,2021-07-16,Efficacy
98000010,2021-07-16,Presence
98000009,2021-07-16,Efficacy
98000003,2021-07-16,Efficacy
98000004,2021-07-16,Efficacy
98000011,2021-07-16,Presence
98000006,2021-07-16,Presence
98000013,2021-07-16,Efficacy
98000007,2021-07-19,Efficacy
98000009,2021-07-19,Presence
98000001,2021-07-19,Presence
98000012,2021-07-19,Presence
98000004,2021-07-19,Efficacy
98000003,2021-07-19,Efficacy
98000013,2021-07-19,Efficacy
98000007,2021-07-20,Presence
98000009,2021-07-20,Efficacy
98000001,2021-07-20,Efficacy
98000003,2021-07-20,Efficacy
98000013,2021-07-21,Efficacy
98000005,2021-07-21,Efficacy
98000009,2021-07-21,Presence
98000003,2021-07-21,Presence
98000011,2021-07-21,Efficacy
98000006,2021-07-21,Presence
98000001,2021-07-21,Efficacy
98000002,2021-07-21,Presence
98000007,2021-07-21,Efficacy
98000004,2021-07-21,Efficacy
98000012,2021-07-21,Presence
98000012,2021-07-22,Efficacy
98000009,2021-07-22,Presence
98000003,2021-07-22,Presence
98000007,2021-07-22,Efficacy
98000001,2021-07-22,Efficacy
98000010,2021-07-22,Efficacy
98000004,2021-07-22,Efficacy
98000013,2021-07-22,Presence
98000006,2021-07-22,Efficacy
98000011,2021-07-22,Efficacy
98000005,2021-07-22,Efficacy
98000003,2021-07-23,Presence
98000010,2021-07-23,Efficacy
98000001,2021-07-23,Presence
98000013,2021-07-23,Presence
98000005,2021-07-23,Presence
98000006,2021-07-23,Efficacy
98000007,2021-07-23,Efficacy
98000011,2021-07-23,Presence
98000002,2021-07-23,Efficacy
98000012,2021-07-23,Presence
98000011,2021-07-26,Presence
98000012,2021-07-26,Efficacy
98000002,2021-07-26,Efficacy
98000007,2021-07-26,Presence
98000009,2021-07-26,Presence
98000006,2021-07-27,Presence
98000011,2021-07-27,Efficacy
98000003,2021-07-27,Efficacy
98000001,2021-07-27,Presence
98000007,2021-07-27,Efficacy
98000002,2021-07-27,Efficacy
98000012,2021-07-27,Efficacy
98000013,2021-07-27,Efficacy
98000012,2021-07-28,Efficacy
98000004,2021-07-28,Efficacy
98000013,2021-07-28,Efficacy
98000002,2021-07-28,Presence
98000007,2021-07-28,Feat
98000001,2021-07-28,Efficacy
98000006,2021-07-28,Presence
98000011,2021-07-28,Presence
98000006,2021-07-29,Presence
98000013,2021-07-29,Presence
98000004,2021-07-29,Teamwork
98000012,2021-07-29,Teamwork
98000009,2021-07-29,Presence
98000011,2021-07-29,Presence
98000009,2021-07-30,Efficacy
98000007,2021-07-30,Presence
98000011,2021-07-30,Feat
98000012,2021-07-30,Efficacy
98000002,2021-07-30,Efficacy
98000004,2021-07-30,Efficacy
98000001,2021-07-30,Efficacy
98000005,2021-07-30,Presence
98000013,2021-08-02,Efficacy
98000007,2021-08-02,Efficacy
98000010,2021-08-02,Efficacy
98000001,2021-08-02,Presence
98000011,2021-08-02,Presence
98000002,2021-08-02,Efficacy
98000004,2021-08-02,Sacrifice
98000005,2021-08-02,Efficacy
98000001,2021-08-03,Presence
98000006,2021-08-03,Absence
98000009,2021-08-03,Presence
98000013,2021-08-03,Efficacy
98000002,2021-08-03,Efficacy
98000005,2021-08-03,Efficacy
98000010,2021-08-03,Efficacy
98000011,2021-08-04,Efficacy
98000001,2021-08-04,Efficacy
98000006,2021-08-04,Absence
98000004,2021-08-04,Efficacy
98000002,2021-08-04,Efficacy
98000005,2021-08-04,Presence
98000007,2021-08-04,Efficacy
98000013,2021-08-05,Teamwork
98000012,2021-08-05,Efficacy
98000007,2021-08-05,Presence
98000002,2021-08-05,Efficacy
98000010,2021-08-05,Absence
98000009,2021-08-05,Efficacy
98000006,2021-08-05,Efficacy
98000005,2021-08-05,Efficacy
98000011,2021-08-05,Efficacy
98000001,2021-08-05,Presence
98000002,2021-08-06,Efficacy
98000013,2021-08-06,Presence
98000011,2021-08-06,Presence
98000001,2021-08-06,Efficacy
98000009,2021-08-06,Efficacy
98000010,2021-08-06,Presence
98000005,2021-08-06,Efficacy
98000004,2021-08-06,Presence
98000007,2021-08-09,Efficacy
98000001,2021-08-09,Presence
98000011,2021-08-09,Efficacy
98000006,2021-08-09,Efficacy
98000010,2021-08-09,Efficacy
98000004,2021-08-09,Presence
98000012,2021-08-09,Efficacy
98000005,2021-08-09,Presence
98000009,2021-08-09,Efficacy
98000002,2021-08-09,Efficacy
98000003,2021-08-10,Efficacy
98000004,2021-08-10,Absence
98000006,2021-08-10,Presence
98000007,2021-08-10,Presence
98000010,2021-08-10,Presence
98000011,2021-08-10,Efficacy
98000002,2021-08-10,Idea
98000006,2021-08-11,Presence
98000003,2021-08-11,Presence
98000013,2021-08-11,Efficacy
98000002,2021-08-11,Efficacy
98000005,2021-08-11,Efficacy
98000007,2021-08-11,Presence
98000009,2021-08-11,Presence
98000001,2021-08-11,Efficacy
98000004,2021-08-11,Slip
98000010,2021-08-12,Presence
98000007,2021-08-12,Efficacy
98000006,2021-08-12,Presence
98000001,2021-08-12,Efficacy
98000011,2021-08-12,Presence
98000003,2021-08-12,Presence
98000012,2021-08-12,Presence
98000009,2021-08-12,Presence
98000004,2021-08-12,Efficacy
98000005,2021-08-12,Efficacy
98000006,2021-08-13,Presence
98000011,2021-08-13,Efficacy
98000010,2021-08-13,Presence
98000001,2021-08-13,Efficacy
98000009,2021-08-13,Efficacy
98000007,2021-08-13,Presence
98000005,2021-08-13,Presence
98000012,2021-08-13,Absence
98000003,2021-08-13,Presence
98000010,2021-08-16,Presence
98000002,2021-08-16,Presence
98000005,2021-08-16,Efficacy
98000007,2021-08-16,Presence
98000013,2021-08-16,Efficacy
98000004,2021-08-16,Presence
98000003,2021-08-16,Presence
98000012,2021-08-16,Efficacy
98000006,2021-08-16,Efficacy
98000011,2021-08-16,Absence
98000007,2021-08-17,Presence
98000009,2021-08-17,Efficacy
98000001,2021-08-17,Presence
98000013,2021-08-17,Efficacy
98000006,2021-08-17,Efficacy
98000003,2021-08-17,Efficacy
98000004,2021-08-17,Presence
98000007,2021-08-18,Presence
98000002,2021-08-18,Efficacy
98000004,2021-08-18,Efficacy
98000006,2021-08-18,Efficacy
98000002,2021-08-19,Efficacy
98000005,2021-08-19,Slip
98000012,2021-08-19,Idea
98000009,2021-08-19,Efficacy
98000007,2021-08-19,Presence
98000003,2021-08-19,Efficacy
98000009,2021-08-20,Efficacy
98000013,2021-08-20,Efficacy
98000002,2021-08-20,Presence
98000010,2021-08-20,Presence
98000007,2021-08-20,Presence
98000006,2021-08-20,Efficacy
98000004,2021-08-20,Efficacy
98000001,2021-08-20,Presence
98000007,2021-08-23,Efficacy
98000002,2021-08-23,Efficacy
98000004,2021-08-23,Efficacy
98000001,2021-08-23,Presence
98000006,2021-08-23,Presence
98000010,2021-08-23,Presence
98000013,2021-08-24,Efficacy
98000002,2021-08-24,Efficacy
98000012,2021-08-24,Efficacy
98000005,2021-08-24,Efficacy
98000009,2021-08-24,Absence
98000011,2021-08-24,Efficacy
98000010,2021-08-24,Efficacy
98000004,2021-08-24,Presence
98000003,2021-08-24,Presence
98000007,2021-08-24,Efficacy
98000005,2021-08-25,Presence
98000002,2021-08-25,Presence
98000006,2021-08-25,Efficacy
98000010,2021-08-25,Efficacy
98000011,2021-08-25,Presence
98000007,2021-08-25,Efficacy
98000009,2021-08-25,Efficacy
98000004,2021-08-25,Efficacy
98000013,2021-08-25,Efficacy
98000005,2021-08-26,Presence
98000007,2021-08-26,Presence
98000010,2021-08-26,Presence
98000006,2021-08-26,Presence
98000012,2021-08-26,Presence
98000002,2021-08-26,Presence
98000013,2021-08-26,Presence
98000001,2021-08-26,Presence
98000009,2021-08-26,Efficacy
98000003,2021-08-26,Presence
98000011,2021-08-26,Efficacy
98000001,2021-08-27,Presence
98000004,2021-08-27,Presence
98000003,2021-08-27,Presence
98000009,2021-08-27,Presence
98000012,2021-08-27,Efficacy
98000005,2021-08-27,Presence
98000013,2021-08-27,Efficacy
98000002,2021-08-27,Absence
98000006,2021-08-27,Efficacy
98000007,2021-08-27,Efficacy
98000013,2021-08-30,Presence
98000003,2021-08-30,Efficacy
98000006,2021-08-30,Efficacy
98000005,2021-08-30,Efficacy
98000001,2021-08-30,Presence
98000011,2021-08-30,Efficacy
98000012,2021-08-30,Efficacy
98000012,2021-08-31,Efficacy
98000006,2021-08-31,Presence
98000007,2021-08-31,Presence
98000005,2021-08-31,Efficacy
98000002,2021-08-31,Presence
98000003,2021-08-31,Presence
98000004,2021-09-01,Efficacy
98000007,2021-09-01,Efficacy
98000011,2021-09-01,Presence
98000001,2021-09-01,Presence
98000005,2021-09-01,Presence
98000009,2021-09-01,Presence
98000006,2021-09-01,Presence
98000012,2021-09-01,Efficacy
98000003,2021-09-01,Efficacy
98000013,2021-09-02,Presence
98000011,2021-09-02,Presence
98000010,2021-09-02,Absence
98000002,2021-09-02,Efficacy
98000009,2021-09-02,Efficacy
98000007,2021-09-02,Presence
98000003,2021-09-02,Efficacy
98000005,2021-09-02,Presence
98000006,2021-09-02,Efficacy
98000001,2021-09-02,Efficacy
98000006,2021-09-03,Presence
98000013,2021-09-03,Presence
98000009,2021-09-03,Efficacy
98000002,2021-09-03,Presence
98000011,2021-09-03,Presence
98000012,2021-09-03,Absence
98000003,2021-09-03,Presence
98000010,2021-09-03,Efficacy
98000007,2021-09-03,Efficacy
98000001,2021-09-03,Efficacy
98000001,2021-09-06,Idea
98000005,2021-09-06,Efficacy
98000012,2021-09-06,Presence
98000011,2021-09-06,Efficacy
98000009,2021-09-06,Presence
98000010,2021-09-06,Absence
98000013,2021-09-06,Efficacy
98000004,2021-09-06,Presence
98000002,2021-09-06,Efficacy
98000007,2021-09-06,Presence
98000013,2021-09-07,Efficacy
98000002,2021-09-07,Presence
98000010,2021-09-07,Efficacy
98000005,2021-09-07,Efficacy
98000006,2021-09-07,Sacrifice
98000007,2021-09-07,Efficacy
98000004,2021-09-07,Presence
98000007,2021-09-08,Efficacy
98000010,2021-09-08,Efficacy
98000013,2021-09-08,Presence
98000002,2021-09-08,Presence
98000005,2021-09-08,Efficacy
98000011,2021-09-08,Presence
98000012,2021-09-08,Efficacy
98000001,2021-09-08,Absence
98000011,2021-09-09,Efficacy
98000001,2021-09-09,Efficacy
98000002,2021-09-09,Efficacy
98000005,2021-09-09,Presence
98000004,2021-09-09,Presence
98000007,2021-09-09,Presence
98000009,2021-09-09,Absence
98000006,2021-09-09,Presence
98000003,2021-09-09,Presence
98000013,2021-09-09,Absence
98000012,2021-09-09,Efficacy
98000007,2021-09-10,Presence
98000010,2021-09-10,Efficacy
98000013,2021-09-10,Absence
98000011,2021-09-10,Presence
98000006,2021-09-10,Presence
98000002,2021-09-10,Presence
98000004,2021-09-10,Presence
98000012,2021-09-13,Presence
98000002,2021-09-13,Absence
98000004,2021-09-13,Presence
98000007,2021-09-13,Efficacy
98000011,2021-09-13,Efficacy
98000009,2021-09-13,Efficacy
98000006,2021-09-13,Presence
98000010,2021-09-13,Presence
98000001,2021-09-13,Efficacy
98000013,2021-09-13,Efficacy
98000005,2021-09-13,Efficacy
98000003,2021-09-14,Presence
98000011,2021-09-14,Efficacy
98000005,2021-09-14,Efficacy
98000006,2021-09-14,Presence
98000002,2021-09-14,Presence
98000012,2021-09-14,Presence
98000007,2021-09-14,Efficacy
98000002,2021-09-15,Presence
98000010,2021-09-15,Presence
98000005,2021-09-15,Efficacy
98000001,2021-09-15,Presence
98000012,2021-09-15,Absence
98000006,2021-09-15,Efficacy
98000009,2021-09-15,Efficacy
98000002,2021-09-16,Presence
98000007,2021-09-16,Efficacy
98000004,2021-09-16,Presence
98000013,2021-09-16,Presence
98000006,2021-09-16,Efficacy
98000010,2021-09-16,Presence
98000003,2021-09-16,Efficacy
98000009,2021-09-16,Presence
98000012,2021-09-16,Presence
98000005,2021-09-16,Presence
98000009,2021-09-17,Efficacy
98000013,2021-09-17,Presence
98000007,2021-09-17,Efficacy
98000005,2021-09-17,Efficacy
98000004,2021-09-17,Absence
98000003,2021-09-17,Efficacy
98000011,2021-09-17,Efficacy
98000006,2021-09-17,Efficacy
98000002,2021-09-17,Efficacy
98000012,2021-09-17,Efficacy
98000001,2021-09-17,Efficacy
98000001,2021-09-20,Presence
98000009,2021-09-20,Presence
98000007,2021-09-20,Presence
98000013,2021-09-20,Presence
98000012,2021-09-20,Presence
98000006,2021-09-20,Efficacy
98000002,2021-09-20,Efficacy
98000004,2021-09-20,Presence
98000003,2021-09-20,Presence
98000006,2021-09-21,Efficacy
98000007,2021-09-21,Presence
98000012,2021-09-21,Presence
98000002,2021-09-21,Efficacy
98000005,2021-09-21,Efficacy
98000010,2021-09-21,Presence
98000004,2021-09-21,Presence
98000011,2021-09-21,Absence
98000009,2021-09-22,Presence
98000005,2021-09-22,Efficacy
98000004,2021-09-22,Efficacy
98000001,2021-09-22,Efficacy
98000013,2021-09-22,Presence
98000012,2021-09-22,Absence
98000006,2021-09-22,Presence
98000003,2021-09-22,Presence
98000001,2021-09-23,Presence
98000005,2021-09-23,Efficacy
98000010,2021-09-23,Efficacy
98000002,2021-09-23,Presence
98000013,2021-09-23,Efficacy
98000003,2021-09-23,Presence
98000009,2021-09-23,Efficacy
98000007,2021-09-24,Efficacy
98000006,2021-09-24,Presence
98000009,2021-09-24,Presence
98000004,2021-09-24,Presence
98000010,2021-09-24,Presence
98000011,2021-09-24,Presence
98000001,2021-09-24,Teamwork
98000012,2021-09-24,Efficacy
98000005,2021-09-24,Presence
98000001,2021-09-27,Sacrifice
98000009,2021-09-27,Efficacy
98000011,2021-09-27,Presence
98000004,2021-09-27,Presence
98000007,2021-09-27,Efficacy
98000012,2021-09-27,Presence
98000012,2021-09-28,Efficacy
98000010,2021-09-28,Presence
98000004,2021-09-28,Efficacy
98000007,2021-09-28,Efficacy
98000003,2021-09-28,Efficacy
98000001,2021-09-28,Efficacy
98000011,2021-09-28,Presence
98000003,2021-09-29,Efficacy
98000005,2021-09-29,Presence
98000010,2021-09-29,Presence
98000009,2021-09-29,Efficacy
98000013,2021-09-29,Presence
98000002,2021-09-29,Efficacy
98000011,2021-09-29,Presence
98000012,2021-09-29,Presence
98000007,2021-09-29,Presence
98000004,2021-09-29,Efficacy
98000001,2021-09-29,Presence
98000006,2021-09-29,Presence
98000006,2021-09-30,Efficacy
98000001,2021-09-30,Efficacy
98000004,2021-09-30,Presence
98000013,2021-09-30,Presence
98000009,2021-09-30,Presence
98000003,2021-09-30,Efficacy
98000011,2021-09-30,Presence
98000002,2021-10-01,Presence
98000005,2021-10-01,Presence
98000003,2021-10-01,Efficacy
98000013,2021-10-01,Presence
98000010,2021-10-01,Efficacy
98000007,2021-10-01,Presence
98000002,2021-10-04,Presence
98000007,2021-10-04,Efficacy
98000011,2021-10-04,Presence
98000005,2021-10-04,Presence
98000012,2021-10-04,Efficacy
98000006,2021-10-04,Presence
98000009,2021-10-04,Efficacy
98000010,2021-10-04,Presence
98000003,2021-10-05,Presence
98000004,2021-10-05,Efficacy
98000001,2021-10-05,Efficacy
98000007,2021-10-05,Efficacy
98000010,2021-10-05,Presence
98000006,2021-10-05,Presence
98000011,2021-10-05,Presence
98000005,2021-10-05,Presence
98000012,2021-10-05,Presence
98000003,2021-10-06,Efficacy
98000010,2021-10-06,Efficacy
98000011,2021-10-06,Efficacy
98000012,2021-10-06,Efficacy
98000002,2021-10-06,Efficacy
98000006,2021-10-06,Efficacy
98000001,2021-10-06,Presence
98000009,2021-10-06,Presence
98000009,2021-10-07,Presence
98000011,2021-10-07,Efficacy
98000012,2021-10-07,Presence
98000002,2021-10-07,Efficacy
98000004,2021-10-07,Efficacy
98000005,2021-10-07,Efficacy
98000001,2021-10-07,Presence
98000010,2021-10-07,Absence
98000007,2021-10-07,Efficacy
98000003,2021-10-07,Presence
98000007,2021-10-08,Presence
98000005,2021-10-08,Efficacy
98000010,2021-10-08,Efficacy
98000003,2021-10-08,Presence
98000011,2021-10-08,Efficacy
98000013,2021-10-08,Presence
98000002,2021-10-08,Efficacy
98000004,2021-10-08,Efficacy
98000011,2021-10-11,Presence
98000004,2021-10-11,Presence
98000001,2021-10-11,Efficacy
98000003,2021-10-11,Presence
98000009,2021-10-12,Absence
98000002,2021-10-12,Efficacy
98000001,2021-10-12,Presence
98000011,2021-10-12,Presence
98000013,2021-10-12,Presence
98000012,2021-10-12,Presence
98000005,2021-10-12,Presence
98000003,2021-10-12,Efficacy
98000005,2021-10-13,Presence
98000006,2021-10-13,Efficacy
98000013,2021-10-13,Efficacy
98000009,2021-10-13,Feat
98000011,2021-10-13,Presence
98000004,2021-10-13,Presence
98000001,2021-10-13,Presence
98000012,2021-10-14,Presence
98000009,2021-10-14,Presence
98000010,2021-10-14,Presence
98000002,2021-10-14,Presence
98000013,2021-10-14,Presence
98000006,2021-10-14,Efficacy
98000011,2021-10-14,Presence
98000003,2021-10-14,Presence
98000007,2021-10-15,Presence
98000001,2021-10-15,Presence
98000010,2021-10-15,Presence
98000003,2021-10-15,Presence
98000013,2021-10-15,Presence
98000005,2021-10-15,Efficacy
98000004,2021-10-15,Efficacy
98000006,2021-10-15,Presence
98000012,2021-10-15,Efficacy
98000003,2021-10-18,Efficacy
98000010,2021-10-18,Efficacy
98000011,2021-10-18,Efficacy
98000009,2021-10-18,Efficacy
98000005,2021-10-18,Presence
98000001,2021-10-18,Presence
98000002,2021-10-18,Presence
98000013,2021-10-18,Feat
98000012,2021-10-19,Presence
98000004,2021-10-19,Efficacy
98000005,2021-10-19,Efficacy
98000009,2021-10-19,Presence
98000001,2021-10-19,Presence
98000010,2021-10-19,Presence
98000002,2021-10-19,Efficacy
98000006,2021-10-19,Presence
98000013,2021-10-20,Efficacy
98000002,2021-10-20,Efficacy
98000007,2021-10-20,Presence
98000010,2021-10-20,Presence
98000011,2021-10-20,Efficacy
98000012,2021-10-20,Absence
98000005,2021-10-20,Efficacy
98000009,2021-10-21,Sacrifice
98000011,2021-10-21,Efficacy
98000012,2021-10-21,Absence
98000005,2021-10-21,Efficacy
98000010,2021-10-21,Presence
98000013,2021-10-21,Efficacy
98000007,2021-10-21,Presence
98000002,2021-10-21,Efficacy
98000004,2021-10-21,Teamwork
98000003,2021-10-21,Presence
98000001,2021-10-21,Presence
98000003,2021-10-22,Presence
98000011,2021-10-22,Efficacy
98000005,2021-10-22,Presence
98000013,2021-10-22,Presence
98000010,2021-10-22,Efficacy
98000009,2021-10-22,Efficacy
98000001,2021-10-22,Presence
98000002,2021-10-22,Efficacy
98000007,2021-10-22,Efficacy
98000007,2021-10-25,Efficacy
98000002,2021-10-25,Absence
98000005,2021-10-25,Presence
98000003,2021-10-25,Presence
98000006,2021-10-25,Presence
98000001,2021-10-25,Efficacy
98000013,2021-10-25,Teamwork
98000012,2021-10-25,Efficacy
98000004,2021-10-25,Efficacy
98000012,2021-10-26,Presence
98000002,2021-10-26,Efficacy
98000011,2021-10-26,Presence
98000009,2021-10-26,Efficacy
98000007,2021-10-26,Presence
98000003,2021-10-27,Efficacy
98000011,2021-10-27,Presence
98000002,2021-10-27,Efficacy
98000012,2021-10-27,Efficacy
98000001,2021-10-27,Efficacy
98000013,2021-10-27,Slip
98000010,2021-10-27,Presence
98000005,2021-10-27,Idea
98000009,2021-10-28,Efficacy
98000011,2021-10-28,Presence
98000007,2021-10-28,Absence
98000001,2021-10-28,Efficacy
98000004,2021-10-28,Efficacy
98000012,2021-10-28,Efficacy
98000002,2021-10-28,Presence
98000013,2021-10-28,Efficacy
98000003,2021-10-28,Feat
98000001,2021-10-29,Efficacy
98000006,2021-10-29,Efficacy
98000003,2021-10-29,Efficacy
98000009,2021-10-29,Presence
98000013,2021-10-29,Efficacy
98000011,2021-10-29,Efficacy
98000005,2021-10-29,Efficacy
98000010,2021-10-29,Presence
98000002,2021-10-29,Efficacy
98000007,2021-10-29,Presence
98000010,2021-11-01,Presence
98000012,2021-11-01,Efficacy
98000005,2021-11-01,Efficacy
98000013,2021-11-01,Efficacy
98000011,2021-11-01,Presence
98000004,2021-11-01,Efficacy
98000007,2021-11-01,Efficacy
98000001,2021-11-01,Presence
98000006,2021-11-01,Efficacy
98000002,2021-11-01,Presence
98000009,2021-11-01,Absence
98000005,2021-11-02,Presence
98000009,2021-11-02,Efficacy
98000011,2021-11-02,Presence
98000004,2021-11-02,Efficacy
98000001,2021-11-02,Efficacy
98000006,2021-11-02,Efficacy
98000010,2021-11-02,Efficacy
98000013,2021-11-02,Presence
98000007,2021-11-02,Presence
98000002,2021-11-02,Presence
98000003,2021-11-02,Efficacy
98000012,2021-11-03,Efficacy
98000009,2021-11-03,Presence
98000010,2021-11-03,Presence
98000011,2021-11-03,Presence
98000007,2021-11-03,Efficacy
98000004,2021-11-03,Efficacy
98000002,2021-11-03,Presence
98000013,2021-11-03,Presence
98000004,2021-11-04,Presence
98000012,2021-11-04,Presence
98000007,2021-11-04,Efficacy
98000003,2021-11-04,Efficacy
98000010,2021-11-04,Efficacy
98000009,2021-11-04,Efficacy
98000005,2021-11-04,Efficacy
98000013,2021-11-04,Presence
98000001,2021-11-04,Efficacy
98000011,2021-11-04,Efficacy
98000006,2021-11-04,Presence
98000009,2021-11-05,Presence
98000005,2021-11-05,Efficacy
98000003,2021-11-05,Efficacy
98000010,2021-11-05,Efficacy
98000011,2021-11-05,Efficacy
98000013,2021-11-05,Efficacy
98000012,2021-11-05,Presence
98000007,2021-11-05,Presence
98000004,2021-11-05,Efficacy
98000012,2021-11-08,Presence
98000013,2021-11-08,Presence
98000007,2021-11-08,Presence
98000010,2021-11-08,Efficacy
98000002,2021-11-08,Efficacy
98000005,2021-11-08,Efficacy
98000004,2021-11-08,Presence
98000003,2021-11-08,Presence
98000011,2021-11-08,Efficacy
98000007,2021-11-09,Efficacy
98000013,2021-11-09,Efficacy
98000004,2021-11-09,Presence
98000006,2021-11-09,Efficacy
98000010,2021-11-09,Presence
98000012,2021-11-09,Efficacy
98000005,2021-11-10,Presence
98000001,2021-11-10,Efficacy
98000011,2021-11-10,Presence
98000002,2021-11-10,Disruption
98000013,2021-11-10,Presence
98000010,2021-11-10,Efficacy
98000009,2021-11-10,Presence
98000011,2021-11-11,Efficacy
98000006,2021-11-11,Slip
98000010,2021-11-11,Presence
98000003,2021-11-11,Efficacy
98000013,2021-11-11,Efficacy
98000007,2021-11-11,Presence
98000002,2021-11-11,Presence
98000001,2021-11-11,Efficacy
98000009,2021-11-11,Efficacy
98000005,2021-11-11,Presence
98000006,2021-11-12,Presence
98000005,2021-11-12,Efficacy
98000003,2021-11-12,Presence
98000007,2021-11-12,Efficacy
98000004,2021-11-12,Sacrifice
98000001,2021-11-12,Efficacy
98000011,2021-11-12,Presence
98000012,2021-11-15,Efficacy
98000006,2021-11-15,Efficacy
98000011,2021-11-15,Presence
98000001,2021-11-15,Efficacy
98000002,2021-11-15,Efficacy
98000010,2021-11-15,Efficacy
98000013,2021-11-15,Efficacy
98000004,2021-11-15,Presence
98000007,2021-11-15,Efficacy
98000009,2021-11-16,Presence
98000004,2021-11-16,Idea
98000006,2021-11-16,Presence
98000005,2021-11-16,Presence
98000010,2021-11-16,Efficacy
98000012,2021-11-16,Presence
98000003,2021-11-16,Presence
98000001,2021-11-16,Presence
98000002,2021-11-16,Absence
98000013,2021-11-17,Presence
98000005,2021-11-17,Efficacy
98000003,2021-11-17,Efficacy
98000012,2021-11-17,Efficacy
98000011,2021-11-17,Presence
98000004,2021-11-17,Efficacy
98000007,2021-11-17,Efficacy
98000010,2021-11-17,Presence
98000006,2021-11-17,Presence
98000007,2021-11-18,Efficacy
98000013,2021-11-18,Absence
98000009,2021-11-18,Efficacy
98000006,2021-11-18,Efficacy
98000012,2021-11-18,Efficacy
98000003,2021-11-18,Presence
98000004,2021-11-18,Presence
98000011,2021-11-18,Presence
98000002,2021-11-18,Efficacy
98000005,2021-11-18,Presence
98000007,2021-11-19,Presence
98000006,2021-11-19,Presence
98000003,2021-11-19,Efficacy
98000005,2021-11-19,Presence
98000011,2021-11-19,Efficacy
98000010,2021-11-19,Efficacy
98000002,2021-11-19,Presence
98000012,2021-11-22,Presence
98000010,2021-11-22,Efficacy
98000003,2021-11-22,Efficacy
98000009,2021-11-22,Efficacy
98000006,2021-11-22,Efficacy
98000011,2021-11-22,Presence
98000004,2021-11-22,Efficacy
98000007,2021-11-22,Efficacy
98000005,2021-11-22,Efficacy
98000001,2021-11-22,Efficacy
98000013,2021-11-22,Presence
98000003,2021-11-23,Efficacy
98000012,2021-11-23,Presence
98000007,2021-11-23,Lapse
98000004,2021-11-23,Efficacy
98000010,2021-11-23,Presence
98000009,2021-11-23,Efficacy
98000006,2021-11-23,Efficacy
98000002,2021-11-23,Presence
98000001,2021-11-23,Efficacy
98000006,2021-11-24,Presence
98000009,2021-11-24,Efficacy
98000013,2021-11-24,Presence
98000012,2021-11-24,Efficacy
98000005,2021-11-24,Presence
98000011,2021-11-24,Efficacy
98000001,2021-11-24,Efficacy
98000004,2021-11-24,Efficacy
98000003,2021-11-24,Efficacy
98000002,2021-11-24,Efficacy
98000010,2021-11-24,Presence
98000011,2021-11-25,Efficacy
98000012,2021-11-25,Presence
98000013,2021-11-25,Presence
98000003,2021-11-25,Efficacy
98000006,2021-11-25,Presence
98000004,2021-11-25,Efficacy
98000009,2021-11-25,Efficacy
98000007,2021-11-25,Efficacy
98000002,2021-11-25,Efficacy
98000001,2021-11-25,Presence
98000005,2021-11-26,Presence
98000009,2021-11-26,Presence
98000011,2021-11-26,Presence
98000002,2021-11-26,Presence
98000006,2021-11-26,Efficacy
98000003,2021-11-26,Presence
98000004,2021-11-26,Efficacy
98000013,2021-11-26,Efficacy
98000010,2021-11-26,Efficacy
98000007,2021-11-26,Presence
98000012,2021-11-29,Efficacy
98000005,2021-11-29,Efficacy
98000006,2021-11-29,Presence
98000010,2021-11-29,Efficacy
98000002,2021-11-29,Presence
98000003,2021-11-29,Presence
98000013,2021-11-29,Presence
98000001,2021-11-29,Presence
98000003,2021-11-30,Efficacy
98000011,2021-11-30,Presence
98000001,2021-11-30,Efficacy
98000012,2021-11-30,Efficacy
98000002,2021-11-30,Efficacy
98000006,2021-11-30,Efficacy
98000007,2021-11-30,Efficacy
98000010,2021-11-30,Efficacy
98000009,2021-11-30,Presence
98000013,2021-11-30,Presence
98000011,2021-12-01,Efficacy
98000013,2021-12-01,Presence
98000003,2021-12-01,Efficacy
98000005,2021-12-01,Efficacy
98000004,2021-12-01,Efficacy
98000010,2021-12-01,Efficacy
98000001,2021-12-01,Presence
98000012,2021-12-01,Efficacy
98000007,2021-12-01,Presence
98000007,2021-12-02,Presence
98000006,2021-12-02,Presence
98000009,2021-12-02,Efficacy
98000003,2021-12-02,Presence
98000011,2021-12-02,Presence
98000013,2021-12-03,Presence
98000003,2021-12-03,Efficacy
98000010,2021-12-03,Absence
98000002,2021-12-03,Sabotage
98000004,2021-12-03,Efficacy
98000006,2021-12-03,Presence
98000011,2021-12-03,Efficacy
98000010,2021-12-06,Efficacy
98000005,2021-12-06,Efficacy
98000004,2021-12-06,Efficacy
98000011,2021-12-06,Presence
98000006,2021-12-06,Efficacy
98000007,2021-12-06,Presence
98000012,2021-12-06,Efficacy
98000002,2021-12-06,Efficacy
98000001,2021-12-06,Presence
98000007,2021-12-07,Efficacy
98000009,2021-12-07,Presence
98000010,2021-12-07,Efficacy
98000004,2021-12-07,Presence
98000001,2021-12-07,Efficacy
98000012,2021-12-07,Presence
98000011,2021-12-07,Presence
98000013,2021-12-07,Presence
98000009,2021-12-08,Absence
98000010,2021-12-08,Presence
98000012,2021-12-08,Presence
98000006,2021-12-08,Presence
98000011,2021-12-08,Presence
98000007,2021-12-08,Efficacy
98000013,2021-12-08,Presence
98000003,2021-12-08,Presence
98000001,2021-12-08,Presence
98000005,2021-12-08,Efficacy
98000004,2021-12-08,Efficacy
98000010,2021-12-09,Presence
98000003,2021-12-09,Presence
98000009,2021-12-09,Presence
98000011,2021-12-09,Presence
98000006,2021-12-09,Presence
98000007,2021-12-09,Efficacy
98000002,2021-12-09,Presence
98000012,2021-12-09,Efficacy
98000001,2021-12-09,Presence
98000002,2021-12-10,Efficacy
98000009,2021-12-10,Presence
98000003,2021-12-10,Presence
98000005,2021-12-10,Efficacy
98000011,2021-12-10,Absence
98000006,2021-12-10,Presence
98000013,2021-12-10,Absence
98000012,2021-12-10,Presence
98000004,2021-12-13,Efficacy
98000011,2021-12-13,Presence
98000013,2021-12-13,Efficacy
98000001,2021-12-13,Efficacy
98000003,2021-12-13,Presence
98000010,2021-12-13,Efficacy
98000005,2021-12-13,Efficacy
98000012,2021-12-13,Presence
98000002,2021-12-13,Efficacy
98000005,2021-12-14,Presence
98000010,2021-12-14,Efficacy
98000002,2021-12-14,Presence
98000004,2021-12-14,Presence
98000012,2021-12-14,Presence
98000006,2021-12-14,Efficacy
98000009,2021-12-14,Presence
98000013,2021-12-14,Presence
98000006,2021-12-15,Presence
98000002,2021-12-15,Presence
98000007,2021-12-15,Efficacy
98000001,2021-12-15,Efficacy
98000003,2021-12-15,Presence
98000010,2021-12-15,Efficacy
98000005,2021-12-15,Presence
98000001,2021-12-16,Presence
98000009,2021-12-16,Efficacy
98000005,2021-12-16,Efficacy
98000013,2021-12-16,Presence
98000006,2021-12-16,Presence
98000010,2021-12-16,Efficacy
98000012,2021-12-16,Efficacy
98000004,2021-12-17,Efficacy
98000009,2021-12-17,Presence
98000010,2021-12-17,Presence
98000013,2021-12-17,Efficacy
98000002,2021-12-17,Efficacy
98000012,2021-12-17,Presence
98000011,2021-12-17,Presence
98000003,2021-12-17,Presence
98000007,2021-12-17,Presence
98000006,2021-12-20,Efficacy
98000003,2021-12-20,Presence
98000009,2021-12-20,Efficacy
98000012,2021-12-20,Presence
98000002,2021-12-20,Efficacy
98000011,2021-12-20,Absence
98000013,2021-12-20,Presence
98000001,2021-12-20,Efficacy
98000007,2021-12-20,Presence
98000010,2021-12-21,Presence
98000004,2021-12-21,Presence
98000007,2021-12-21,Efficacy
98000009,2021-12-21,Efficacy
98000005,2021-12-21,Efficacy
98000002,2021-12-21,Presence
98000006,2021-12-21,Presence
98000012,2021-12-21,Presence
98000001,2021-12-21,Presence
98000011,2021-12-21,Efficacy
98000013,2021-12-22,Efficacy
98000002,2021-12-22,Presence
98000005,2021-12-22,Efficacy
98000011,2021-12-22,Absence
98000004,2021-12-22,Efficacy
98000010,2021-12-22,Presence
98000006,2021-12-22,Efficacy
98000001,2021-12-22,Presence
98000009,2021-12-22,Efficacy
98000003,2021-12-22,Absence
98000007,2021-12-22,Presence
98000012,2021-12-23,Presence
98000009,2021-12-23,Efficacy
98000005,2021-12-23,Presence
98000002,2021-12-23,Efficacy
98000011,2021-12-23,Efficacy
98000006,2021-12-23,Efficacy
98000010,2021-12-23,Presence
98000013,2021-12-23,Presence
98000004,2021-12-23,Presence
98000003,2021-12-23,Efficacy
98000005,2021-12-24,Presence
98000001,2021-12-24,Presence
98000004,2021-12-24,Efficacy
98000010,2021-12-24,Presence
98000011,2021-12-24,Efficacy
98000012,2021-12-24,Efficacy
98000002,2021-12-24,Efficacy
98000003,2021-12-24,Sacrifice
98000007,2021-12-24,Presence
98000009,2021-12-24,Efficacy
98000004,2021-12-27,Efficacy
98000006,2021-12-27,Presence
98000010,2021-12-27,Presence
98000001,2021-12-27,Presence
98000013,2021-12-27,Presence
98000012,2021-12-27,Presence
98000011,2021-12-27,Efficacy
98000007,2021-12-27,Efficacy
98000009,2021-12-28,Efficacy
98000001,2021-12-28,Idea
98000005,2021-12-28,Presence
98000007,2021-12-28,Presence
98000013,2021-12-28,Presence
98000012,2021-12-28,Efficacy
98000010,2021-12-28,Presence
98000006,2021-12-28,Efficacy
98000003,2021-12-29,Efficacy
98000011,2021-12-29,Efficacy
98000010,2021-12-29,Efficacy
98000009,2021-12-29,Presence
98000013,2021-12-29,Efficacy
98000007,2021-12-29,Presence
98000006,2021-12-29,Presence
98000002,2021-12-29,Presence
98000004,2021-12-29,Idea
98000006,2021-12-30,Presence
98000011,2021-12-30,Efficacy
98000004,2021-12-30,Presence
98000001,2021-12-30,Presence
98000005,2021-12-30,Efficacy
98000009,2021-12-30,Efficacy
98000002,2021-12-30,Efficacy
98000010,2021-12-30,Presence
98000004,2021-12-31,Presence
98000007,2021-12-31,Presence
98000001,2021-12-31,Lapse
98000005,2021-12-31,Efficacy
98000009,2021-12-31,Efficacy
98000011,2021-12-31,Disruption
98000002,2021-12-31,Efficacy
98000013,2021-12-31,Presence
